y2_statefips,y1_statefips,y1_state,y1_state_name,n1,n2,AGI
1,1,AL,AL Non-migrants,1598458,3579600,0
1,2,AK,Alaska,107,223,4869
1,4,AZ,Arizona,285,575,16478
1,5,AR,Arkansas,338,703,15223
1,6,CA,California,1169,2274,55689
1,8,CO,Colorado,473,932,24958
1,9,CT,Connecticut,130,248,7706
1,10,DE,Delaware,38,61,1461
1,11,DC,District Of Columbia,54,92,5309
1,12,FL,Florida,4489,8446,185502
1,13,GA,Georgia,5972,12269,249108
1,15,HI,Hawaii,197,440,8578
1,16,ID,Idaho,69,142,2370
1,17,IL,Illinois,717,1443,34167
1,18,IN,Indiana,457,895,21821
1,19,IA,Iowa,118,205,4816
1,20,KS,Kansas,242,549,12081
1,21,KY,Kentucky,574,1213,27082
1,22,LA,Louisiana,883,1671,40723
1,23,ME,Maine,52,86,2041
1,24,MD,Maryland,340,647,18685
1,25,MA,Massachusetts,171,315,8548
1,26,MI,Michigan,594,1125,22176
1,27,MN,Minnesota,133,252,7129
1,28,MS,Mississippi,2212,4562,90723
1,29,MO,Missouri,459,901,20884
1,30,MT,Montana,56,116,2494
1,31,NE,Nebraska,75,149,3165
1,32,NV,Nevada,166,299,7457
1,33,NH,New Hampshire,42,68,1548
1,34,NJ,New Jersey,261,489,12404
1,35,NM,New Mexico,143,310,7926
1,36,NY,New York,772,1518,34582
1,37,NC,North Carolina,1056,2158,49972
1,38,ND,North Dakota,54,113,2763
1,39,OH,Ohio,713,1430,29911
1,40,OK,Oklahoma,300,615,15592
1,41,OR,Oregon,97,179,5421
1,42,PA,Pennsylvania,440,850,23033
1,44,RI,Rhode Island,31,70,1432
1,45,SC,South Carolina,637,1220,31594
1,46,SD,South Dakota,48,129,2095
1,47,TN,Tennessee,2608,5304,124203
1,48,TX,Texas,3435,7041,135165
1,49,UT,Utah,99,201,4551
1,50,VT,Vermont,22,33,716
1,51,VA,Virginia,819,1624,48796
1,53,WA,Washington,351,742,17875
1,54,WV,West Virginia,119,235,5459
1,55,WI,Wisconsin,198,385,9052
1,56,WY,Wyoming,53,100,1885
2,1,AL,Alabama,128,278,6138
2,2,AK,AK Non-migrants,265963,558608,0
2,4,AZ,Arizona,486,871,28598
2,5,AR,Arkansas,79,163,3807
2,6,CA,California,1271,2249,56604
2,8,CO,Colorado,411,689,22373
2,9,CT,Connecticut,51,76,2043
2,10,DE,Delaware,33,57,1195
2,11,DC,District Of Columbia,22,25,980
2,12,FL,Florida,607,1044,24232
2,13,GA,Georgia,361,802,13769
2,15,HI,Hawaii,317,668,12918
2,16,ID,Idaho,247,465,11707
2,17,IL,Illinois,203,329,8290
2,18,IN,Indiana,129,209,5252
2,19,IA,Iowa,76,153,3234
2,20,KS,Kansas,97,197,4115
2,21,KY,Kentucky,105,246,4200
2,22,LA,Louisiana,143,309,6967
2,23,ME,Maine,49,71,2429
2,24,MD,Maryland,114,196,5833
2,25,MA,Massachusetts,106,155,4907
2,26,MI,Michigan,241,397,10095
2,27,MN,Minnesota,188,297,7874
2,28,MS,Mississippi,76,149,3216
2,29,MO,Missouri,189,372,8297
2,30,MT,Montana,212,348,13003
2,31,NE,Nebraska,69,133,3047
2,32,NV,Nevada,263,489,12816
2,33,NH,New Hampshire,43,66,1899
2,34,NJ,New Jersey,86,131,3791
2,35,NM,New Mexico,128,254,7385
2,36,NY,New York,328,555,12288
2,37,NC,North Carolina,349,767,14123
2,38,ND,North Dakota,57,94,3227
2,39,OH,Ohio,203,352,8209
2,40,OK,Oklahoma,193,378,8607
2,41,OR,Oregon,567,945,24363
2,42,PA,Pennsylvania,212,367,10467
2,44,RI,Rhode Island,14,21,479
2,45,SC,South Carolina,139,252,5428
2,46,SD,South Dakota,52,93,2291
2,47,TN,Tennessee,178,370,7373
2,48,TX,Texas,941,1911,67188
2,49,UT,Utah,180,401,9906
2,50,VT,Vermont,32,40,1300
2,51,VA,Virginia,288,557,15073
2,53,WA,Washington,1174,2020,55978
2,54,WV,West Virginia,28,36,1116
2,55,WI,Wisconsin,159,259,6008
2,56,WY,Wyoming,86,146,6700
4,1,AL,Alabama,341,643,16174
4,2,AK,Alaska,612,1140,35898
4,4,AZ,AZ Non-migrants,2229625,4942639,0
4,5,AR,Arkansas,403,749,16036
4,6,CA,California,15330,29184,1013447
4,8,CO,Colorado,3292,5903,213866
4,9,CT,Connecticut,458,794,37599
4,10,DE,Delaware,109,190,3452
4,11,DC,District Of Columbia,117,156,10372
4,12,FL,Florida,2458,4255,145598
4,13,GA,Georgia,1026,1975,56919
4,15,HI,Hawaii,672,1309,36999
4,16,ID,Idaho,787,1609,41052
4,17,IL,Illinois,3590,6253,315036
4,18,IN,Indiana,1128,2053,56663
4,19,IA,Iowa,777,1379,50915
4,20,KS,Kansas,668,1276,49276
4,21,KY,Kentucky,406,796,35431
4,22,LA,Louisiana,372,704,17848
4,23,ME,Maine,214,364,12827
4,24,MD,Maryland,597,1041,41095
4,25,MA,Massachusetts,698,1095,60218
4,26,MI,Michigan,1945,3395,92368
4,27,MN,Minnesota,1738,3055,152717
4,28,MS,Mississippi,276,536,9947
4,29,MO,Missouri,1143,2055,58683
4,30,MT,Montana,566,980,29657
4,31,NE,Nebraska,588,1064,48635
4,32,NV,Nevada,2405,4544,121927
4,33,NH,New Hampshire,221,354,13786
4,34,NJ,New Jersey,863,1500,81949
4,35,NM,New Mexico,3096,6669,122753
4,36,NY,New York,2168,3601,132820
4,37,NC,North Carolina,1085,2098,60867
4,38,ND,North Dakota,466,851,30818
4,39,OH,Ohio,1618,2787,100190
4,40,OK,Oklahoma,704,1291,29822
4,41,OR,Oregon,1792,3082,112639
4,42,PA,Pennsylvania,1303,2219,88518
4,44,RI,Rhode Island,111,207,8660
4,45,SC,South Carolina,447,799,21284
4,46,SD,South Dakota,512,918,21883
4,47,TN,Tennessee,796,1468,36737
4,48,TX,Texas,5578,11103,263324
4,49,UT,Utah,1841,4052,136768
4,50,VT,Vermont,124,200,6977
4,51,VA,Virginia,1060,1964,104397
4,53,WA,Washington,3338,5949,208028
4,54,WV,West Virginia,130,194,5801
4,55,WI,Wisconsin,1427,2434,87780
4,56,WY,Wyoming,465,812,24813
5,1,AL,Alabama,298,625,13851
5,2,AK,Alaska,95,184,3952
5,4,AZ,Arizona,326,661,13834
5,5,AR,AR Non-migrants,954334,2145497,0
5,6,CA,California,1270,2480,50134
5,8,CO,Colorado,368,731,16608
5,9,CT,Connecticut,54,104,5793
5,10,DE,Delaware,27,63,1146
5,11,DC,District Of Columbia,27,33,2150
5,12,FL,Florida,965,1745,53278
5,13,GA,Georgia,551,1152,24480
5,15,HI,Hawaii,97,209,3125
5,16,ID,Idaho,49,101,1888
5,17,IL,Illinois,756,1442,38929
5,18,IN,Indiana,271,578,11031
5,19,IA,Iowa,211,415,7347
5,20,KS,Kansas,473,878,20396
5,21,KY,Kentucky,210,429,8139
5,22,LA,Louisiana,1003,2036,45362
5,23,ME,Maine,27,58,1707
5,24,MD,Maryland,115,211,6234
5,25,MA,Massachusetts,114,186,6277
5,26,MI,Michigan,337,660,14807
5,27,MN,Minnesota,203,439,13594
5,28,MS,Mississippi,732,1518,27993
5,29,MO,Missouri,2080,4151,74437
5,30,MT,Montana,42,84,1395
5,31,NE,Nebraska,126,269,6040
5,32,NV,Nevada,169,353,6111
5,33,NH,New Hampshire,25,46,1467
5,34,NJ,New Jersey,147,291,11201
5,35,NM,New Mexico,124,244,6265
5,36,NY,New York,299,564,15070
5,37,NC,North Carolina,365,748,15841
5,38,ND,North Dakota,72,127,3984
5,39,OH,Ohio,295,562,19631
5,40,OK,Oklahoma,2101,4414,76994
5,41,OR,Oregon,141,255,4845
5,42,PA,Pennsylvania,205,395,11838
5,44,RI,Rhode Island,-1,-1,0
5,45,SC,South Carolina,188,386,10265
5,46,SD,South Dakota,60,116,6700
5,47,TN,Tennessee,1358,2690,60703
5,48,TX,Texas,4517,9001,192553
5,49,UT,Utah,104,258,6815
5,50,VT,Vermont,-1,-1,0
5,51,VA,Virginia,313,625,17127
5,53,WA,Washington,226,438,9043
5,54,WV,West Virginia,53,118,2542
5,55,WI,Wisconsin,238,476,10267
5,56,WY,Wyoming,70,143,3197
6,1,AL,Alabama,1232,2198,59586
6,2,AK,Alaska,1175,2104,50188
6,4,AZ,Arizona,12564,22988,651807
6,5,AR,Arkansas,1115,2039,44453
6,6,CA,CA Non-migrants,13658090,30666470,0
6,8,CO,Colorado,6317,10684,446800
6,9,CT,Connecticut,2178,3296,276642
6,10,DE,Delaware,412,680,27435
6,11,DC,District Of Columbia,1469,1880,150872
6,12,FL,Florida,10607,17150,694337
6,13,GA,Georgia,4964,8877,296325
6,15,HI,Hawaii,4088,7065,197380
6,16,ID,Idaho,1839,3381,70180
6,17,IL,Illinois,8714,14073,730352
6,18,IN,Indiana,2277,3837,110693
6,19,IA,Iowa,1105,1827,49990
6,20,KS,Kansas,1563,2796,79642
6,21,KY,Kentucky,1158,1969,59642
6,22,LA,Louisiana,1701,2899,133012
6,23,ME,Maine,553,794,33019
6,24,MD,Maryland,3391,5401,223603
6,25,MA,Massachusetts,5592,8004,504321
6,26,MI,Michigan,3829,6023,223688
6,27,MN,Minnesota,2878,4579,196146
6,28,MS,Mississippi,837,1553,37603
6,29,MO,Missouri,2735,4459,141287
6,30,MT,Montana,876,1459,57800
6,31,NE,Nebraska,917,1627,50260
6,32,NV,Nevada,10534,19061,499590
6,33,NH,New Hampshire,736,1051,44160
6,34,NJ,New Jersey,4934,8042,470097
6,35,NM,New Mexico,2105,3637,98846
6,36,NY,New York,14595,20913,1498625
6,37,NC,North Carolina,4548,8273,280100
6,38,ND,North Dakota,522,857,24538
6,39,OH,Ohio,3790,6035,221051
6,40,OK,Oklahoma,1820,3248,74418
6,41,OR,Oregon,6605,10976,338634
6,42,PA,Pennsylvania,4789,7113,340369
6,44,RI,Rhode Island,630,950,38278
6,45,SC,South Carolina,1535,2675,70252
6,46,SD,South Dakota,442,738,17646
6,47,TN,Tennessee,2570,4524,139139
6,48,TX,Texas,20523,38725,1246622
6,49,UT,Utah,3390,6744,159131
6,50,VT,Vermont,385,508,18791
6,51,VA,Virginia,5918,10225,390970
6,53,WA,Washington,11126,19789,778613
6,54,WV,West Virginia,299,439,16768
6,55,WI,Wisconsin,2243,3572,152429
6,56,WY,Wyoming,544,940,31005
8,1,AL,Alabama,628,1130,28097
8,2,AK,Alaska,549,986,32613
8,4,AZ,Arizona,3464,6291,180849
8,5,AR,Arkansas,579,1069,29473
8,6,CA,California,8337,14858,646116
8,8,CO,CO Non-migrants,1932425,4134014,0
8,9,CT,Connecticut,546,763,43142
8,10,DE,Delaware,127,207,6544
8,11,DC,District Of Columbia,282,377,29990
8,12,FL,Florida,4458,7190,213301
8,13,GA,Georgia,1781,3275,88099
8,15,HI,Hawaii,719,1349,46648
8,16,ID,Idaho,620,1141,29788
8,17,IL,Illinois,3104,4693,228281
8,18,IN,Indiana,995,1620,50238
8,19,IA,Iowa,1092,1695,53999
8,20,KS,Kansas,1846,3306,89355
8,21,KY,Kentucky,604,1156,23898
8,22,LA,Louisiana,754,1321,36221
8,23,ME,Maine,234,332,9440
8,24,MD,Maryland,930,1529,38021
8,25,MA,Massachusetts,998,1350,74765
8,26,MI,Michigan,1543,2195,69074
8,27,MN,Minnesota,1482,2222,80966
8,28,MS,Mississippi,346,629,15647
8,29,MO,Missouri,1646,2782,73516
8,30,MT,Montana,686,1042,32014
8,31,NE,Nebraska,1481,2488,73318
8,32,NV,Nevada,1311,2388,66711
8,33,NH,New Hampshire,327,461,17181
8,34,NJ,New Jersey,976,1541,81271
8,35,NM,New Mexico,2289,4313,110271
8,36,NY,New York,2619,3877,225312
8,37,NC,North Carolina,1626,2808,83567
8,38,ND,North Dakota,611,1115,40518
8,39,OH,Ohio,1588,2491,83649
8,40,OK,Oklahoma,1453,2746,84985
8,41,OR,Oregon,1025,1682,64105
8,42,PA,Pennsylvania,1703,2598,94264
8,44,RI,Rhode Island,126,172,5287
8,45,SC,South Carolina,659,1086,21894
8,46,SD,South Dakota,624,972,24656
8,47,TN,Tennessee,1147,1914,53138
8,48,TX,Texas,7677,14537,485158
8,49,UT,Utah,1436,2987,71808
8,50,VT,Vermont,260,331,10985
8,51,VA,Virginia,1821,3079,121617
8,53,WA,Washington,1895,3405,103857
8,54,WV,West Virginia,215,333,9674
8,55,WI,Wisconsin,1264,1882,76415
8,56,WY,Wyoming,1641,2881,91838
9,1,AL,Alabama,105,206,5588
9,2,AK,Alaska,31,46,1285
9,4,AZ,Arizona,236,400,15645
9,5,AR,Arkansas,49,89,2008
9,6,CA,California,1248,2069,107745
9,8,CO,Colorado,258,439,16323
9,9,CT,CT Non-migrants,1383786,2839854,0
9,10,DE,Delaware,84,151,6970
9,11,DC,District Of Columbia,163,200,15743
9,12,FL,Florida,2447,4185,144141
9,13,GA,Georgia,560,1018,31354
9,15,HI,Hawaii,123,216,5378
9,16,ID,Idaho,33,66,3347
9,17,IL,Illinois,400,682,37189
9,18,IN,Indiana,130,240,13564
9,19,IA,Iowa,52,91,3293
9,20,KS,Kansas,70,131,5318
9,21,KY,Kentucky,100,138,4479
9,22,LA,Louisiana,94,150,4364
9,23,ME,Maine,313,492,13191
9,24,MD,Maryland,452,735,34474
9,25,MA,Massachusetts,3015,4583,196950
9,26,MI,Michigan,231,386,14219
9,27,MN,Minnesota,137,251,12237
9,28,MS,Mississippi,39,64,1742
9,29,MO,Missouri,128,239,9335
9,30,MT,Montana,-1,-1,0
9,31,NE,Nebraska,34,60,1438
9,32,NV,Nevada,92,154,5143
9,33,NH,New Hampshire,365,537,21349
9,34,NJ,New Jersey,1518,2611,146750
9,35,NM,New Mexico,58,105,2192
9,36,NY,New York,8339,15055,1016401
9,37,NC,North Carolina,700,1249,38491
9,38,ND,North Dakota,23,24,1007
9,39,OH,Ohio,324,554,22476
9,40,OK,Oklahoma,61,105,2892
9,41,OR,Oregon,94,161,5939
9,42,PA,Pennsylvania,921,1500,63047
9,44,RI,Rhode Island,904,1446,47833
9,45,SC,South Carolina,383,626,16920
9,46,SD,South Dakota,-1,-1,0
9,47,TN,Tennessee,166,277,10478
9,48,TX,Texas,1007,1917,76313
9,49,UT,Utah,97,192,9624
9,50,VT,Vermont,246,363,11870
9,51,VA,Virginia,692,1230,45403
9,53,WA,Washington,225,408,14070
9,54,WV,West Virginia,43,76,1984
9,55,WI,Wisconsin,124,225,9694
9,56,WY,Wyoming,20,27,175
10,1,AL,Alabama,42,82,3067
10,2,AK,Alaska,18,33,693
10,4,AZ,Arizona,75,148,4503
10,5,AR,Arkansas,25,50,999
10,6,CA,California,311,549,32683
10,8,CO,Colorado,67,135,4326
10,9,CT,Connecticut,130,243,8769
10,10,DE,DE Non-migrants,347432,721941,0
10,11,DC,District Of Columbia,69,87,9508
10,12,FL,Florida,583,987,24101
10,13,GA,Georgia,246,466,12702
10,15,HI,Hawaii,24,44,944
10,16,ID,Idaho,-1,-1,0
10,17,IL,Illinois,119,231,9239
10,18,IN,Indiana,60,106,3612
10,19,IA,Iowa,25,57,1885
10,20,KS,Kansas,36,64,1704
10,21,KY,Kentucky,51,127,2366
10,22,LA,Louisiana,39,61,1995
10,23,ME,Maine,28,51,1368
10,24,MD,Maryland,2452,4447,144801
10,25,MA,Massachusetts,123,214,6947
10,26,MI,Michigan,78,157,5022
10,27,MN,Minnesota,43,75,4343
10,28,MS,Mississippi,28,59,1334
10,29,MO,Missouri,39,75,2130
10,30,MT,Montana,-1,-1,0
10,31,NE,Nebraska,14,23,730
10,32,NV,Nevada,29,55,1203
10,33,NH,New Hampshire,35,65,2733
10,34,NJ,New Jersey,1288,2296,141678
10,35,NM,New Mexico,30,47,1095
10,36,NY,New York,875,1596,63796
10,37,NC,North Carolina,296,534,12668
10,38,ND,North Dakota,18,28,565
10,39,OH,Ohio,138,268,8241
10,40,OK,Oklahoma,29,56,1062
10,41,OR,Oregon,24,52,1058
10,42,PA,Pennsylvania,3051,5547,188303
10,44,RI,Rhode Island,29,48,1319
10,45,SC,South Carolina,117,203,7879
10,46,SD,South Dakota,-1,-1,0
10,47,TN,Tennessee,97,222,4093
10,48,TX,Texas,369,703,19681
10,49,UT,Utah,23,68,2224
10,50,VT,Vermont,21,30,1417
10,51,VA,Virginia,501,906,32869
10,53,WA,Washington,45,78,1883
10,54,WV,West Virginia,55,100,2400
10,55,WI,Wisconsin,29,50,1531
10,56,WY,Wyoming,-1,-1,0
11,1,AL,Alabama,83,111,4147
11,2,AK,Alaska,27,36,2388
11,4,AZ,Arizona,116,158,6190
11,5,AR,Arkansas,47,57,2488
11,6,CA,California,1184,1409,79258
11,8,CO,Colorado,180,227,18054
11,9,CT,Connecticut,261,306,18440
11,10,DE,Delaware,80,104,5434
11,11,DC,DC Non-migrants,255331,426998,0
11,12,FL,Florida,745,972,63924
11,13,GA,Georgia,427,596,30759
11,15,HI,Hawaii,49,67,2781
11,16,ID,Idaho,-1,-1,0
11,17,IL,Illinois,440,527,33774
11,18,IN,Indiana,100,121,4802
11,19,IA,Iowa,58,66,2607
11,20,KS,Kansas,48,60,2842
11,21,KY,Kentucky,77,92,3484
11,22,LA,Louisiana,115,141,5351
11,23,ME,Maine,59,78,5349
11,24,MD,Maryland,7186,11554,474939
11,25,MA,Massachusetts,576,673,40731
11,26,MI,Michigan,245,272,11893
11,27,MN,Minnesota,144,161,8787
11,28,MS,Mississippi,59,79,3404
11,29,MO,Missouri,127,150,7148
11,30,MT,Montana,27,33,1273
11,31,NE,Nebraska,35,39,1523
11,32,NV,Nevada,63,89,2389
11,33,NH,New Hampshire,63,69,3356
11,34,NJ,New Jersey,520,618,31753
11,35,NM,New Mexico,65,83,3478
11,36,NY,New York,1441,1746,129259
11,37,NC,North Carolina,549,724,32917
11,38,ND,North Dakota,-1,-1,0
11,39,OH,Ohio,277,322,15069
11,40,OK,Oklahoma,47,59,2509
11,41,OR,Oregon,89,98,4005
11,42,PA,Pennsylvania,704,815,38572
11,44,RI,Rhode Island,59,69,14343
11,45,SC,South Carolina,151,198,8427
11,46,SD,South Dakota,19,21,873
11,47,TN,Tennessee,147,195,7969
11,48,TX,Texas,695,984,36572
11,49,UT,Utah,59,82,7309
11,50,VT,Vermont,43,54,3400
11,51,VA,Virginia,4312,5536,322857
11,53,WA,Washington,184,215,10588
11,54,WV,West Virginia,73,93,4845
11,55,WI,Wisconsin,132,164,9654
11,56,WY,Wyoming,-1,-1,0
12,1,AL,Alabama,5329,10204,303897
12,2,AK,Alaska,703,1243,35908
12,4,AZ,Arizona,2493,4431,166316
12,5,AR,Arkansas,1202,2263,93334
12,6,CA,California,10239,18149,1162002
12,8,CO,Colorado,3720,6590,487532
12,9,CT,Connecticut,5800,10318,985402
12,10,DE,Delaware,1016,1791,55112
12,11,DC,District Of Columbia,671,949,90722
12,12,FL,FL Non-migrants,7246289,14640337,0
12,13,GA,Georgia,15742,30190,1003635
12,15,HI,Hawaii,1074,1922,52106
12,16,ID,Idaho,374,704,20431
12,17,IL,Illinois,8803,15338,1466396
12,18,IN,Indiana,5117,9082,392763
12,19,IA,Iowa,1141,2071,123967
12,20,KS,Kansas,1327,2494,114195
12,21,KY,Kentucky,3403,6182,246660
12,22,LA,Louisiana,2334,4323,246842
12,23,ME,Maine,1804,2993,159813
12,24,MD,Maryland,5875,10253,692993
12,25,MA,Massachusetts,7451,12715,750711
12,26,MI,Michigan,7449,12811,597318
12,27,MN,Minnesota,2653,4650,322304
12,28,MS,Mississippi,1825,3633,104765
12,29,MO,Missouri,3271,5820,280468
12,30,MT,Montana,369,639,17333
12,31,NE,Nebraska,804,1418,37316
12,32,NV,Nevada,1949,3317,203724
12,33,NH,New Hampshire,1909,3172,256845
12,34,NJ,New Jersey,12348,22202,1494652
12,35,NM,New Mexico,990,1768,51514
12,36,NY,New York,25996,44983,2620649
12,37,NC,North Carolina,9428,17351,567708
12,38,ND,North Dakota,423,764,24317
12,39,OH,Ohio,9056,15742,840774
12,40,OK,Oklahoma,1425,2715,124792
12,41,OR,Oregon,966,1619,58588
12,42,PA,Pennsylvania,10438,18180,1017451
12,44,RI,Rhode Island,1598,2820,220498
12,45,SC,South Carolina,4416,8079,239369
12,46,SD,South Dakota,485,849,44616
12,47,TN,Tennessee,5637,10352,337489
12,48,TX,Texas,23089,42521,992239
12,49,UT,Utah,772,1575,45449
12,50,VT,Vermont,850,1380,100882
12,51,VA,Virginia,8567,15835,734499
12,53,WA,Washington,2588,4598,163190
12,54,WV,West Virginia,1232,2167,70207
12,55,WI,Wisconsin,3048,5349,412421
12,56,WY,Wyoming,426,752,18801
13,1,AL,Alabama,6655,13258,254092
13,2,AK,Alaska,368,823,14978
13,4,AZ,Arizona,1061,2139,53645
13,5,AR,Arkansas,580,1161,26895
13,6,CA,California,4998,9491,308613
13,8,CO,Colorado,1260,2553,71556
13,9,CT,Connecticut,915,1724,67797
13,10,DE,Delaware,279,515,11689
13,11,DC,District Of Columbia,354,513,24896
13,12,FL,Florida,15624,29784,692115
13,13,GA,GA Non-migrants,3266790,7430492,0
13,15,HI,Hawaii,567,1250,23827
13,16,ID,Idaho,144,298,5628
13,17,IL,Illinois,2816,5534,165275
13,18,IN,Indiana,1312,2604,58650
13,19,IA,Iowa,385,732,17016
13,20,KS,Kansas,685,1508,36959
13,21,KY,Kentucky,1284,2645,54003
13,22,LA,Louisiana,1598,3248,62682
13,23,ME,Maine,207,399,9651
13,24,MD,Maryland,1955,3743,113808
13,25,MA,Massachusetts,1057,1869,64204
13,26,MI,Michigan,2053,3873,94442
13,27,MN,Minnesota,646,1225,53718
13,28,MS,Mississippi,1459,2980,56907
13,29,MO,Missouri,1133,2223,55325
13,30,MT,Montana,117,208,4350
13,31,NE,Nebraska,264,527,11914
13,32,NV,Nevada,568,1104,22093
13,33,NH,New Hampshire,201,399,11593
13,34,NJ,New Jersey,2267,4433,132886
13,35,NM,New Mexico,355,719,15351
13,36,NY,New York,5693,10822,288417
13,37,NC,North Carolina,5808,11207,272361
13,38,ND,North Dakota,153,317,8354
13,39,OH,Ohio,2599,4826,138791
13,40,OK,Oklahoma,659,1349,33418
13,41,OR,Oregon,305,557,14178
13,42,PA,Pennsylvania,2229,4233,112848
13,44,RI,Rhode Island,209,381,10144
13,45,SC,South Carolina,5428,10368,226573
13,46,SD,South Dakota,126,235,6008
13,47,TN,Tennessee,5151,10001,232190
13,48,TX,Texas,10872,22498,414940
13,49,UT,Utah,313,665,14908
13,50,VT,Vermont,102,172,5028
13,51,VA,Virginia,3583,6868,186031
13,53,WA,Washington,1116,2285,58062
13,54,WV,West Virginia,327,641,13912
13,55,WI,Wisconsin,771,1477,42465
13,56,WY,Wyoming,138,283,41820
15,1,AL,Alabama,175,345,7418
15,2,AK,Alaska,303,628,13113
15,4,AZ,Arizona,588,1049,28465
15,5,AR,Arkansas,96,192,3035
15,6,CA,California,4508,7779,301849
15,8,CO,Colorado,618,1216,33076
15,9,CT,Connecticut,225,360,10761
15,10,DE,Delaware,38,71,1496
15,11,DC,District Of Columbia,59,94,4711
15,12,FL,Florida,1119,1921,50010
15,13,GA,Georgia,686,1466,29395
15,15,HI,HI Non-migrants,542461,1107755,0
15,16,ID,Idaho,172,319,9150
15,17,IL,Illinois,442,691,22920
15,18,IN,Indiana,170,319,23301
15,19,IA,Iowa,85,162,4670
15,20,KS,Kansas,181,429,7152
15,21,KY,Kentucky,229,547,7891
15,22,LA,Louisiana,147,272,6469
15,23,ME,Maine,76,136,4681
15,24,MD,Maryland,376,709,23466
15,25,MA,Massachusetts,260,401,15934
15,26,MI,Michigan,276,495,13273
15,27,MN,Minnesota,182,279,10897
15,28,MS,Mississippi,96,170,3485
15,29,MO,Missouri,292,611,12991
15,30,MT,Montana,87,170,6128
15,31,NE,Nebraska,74,127,2946
15,32,NV,Nevada,649,1150,28727
15,33,NH,New Hampshire,65,100,3008
15,34,NJ,New Jersey,266,432,14791
15,35,NM,New Mexico,144,261,7794
15,36,NY,New York,741,1247,31416
15,37,NC,North Carolina,601,1250,22495
15,38,ND,North Dakota,41,77,1703
15,39,OH,Ohio,292,506,10364
15,40,OK,Oklahoma,201,432,24304
15,41,OR,Oregon,549,922,23668
15,42,PA,Pennsylvania,336,589,18168
15,44,RI,Rhode Island,52,95,5072
15,45,SC,South Carolina,309,588,12902
15,46,SD,South Dakota,30,66,1426
15,47,TN,Tennessee,278,580,12809
15,48,TX,Texas,1533,3170,72764
15,49,UT,Utah,297,663,12908
15,50,VT,Vermont,19,32,797
15,51,VA,Virginia,720,1542,41508
15,53,WA,Washington,1350,2716,69385
15,54,WV,West Virginia,44,81,1406
15,55,WI,Wisconsin,167,278,7425
15,56,WY,Wyoming,44,85,2638
16,1,AL,Alabama,49,95,2383
16,2,AK,Alaska,335,647,21140
16,4,AZ,Arizona,801,1604,37278
16,5,AR,Arkansas,61,133,5094
16,6,CA,California,3253,6743,213209
16,8,CO,Colorado,631,1207,32062
16,9,CT,Connecticut,40,60,2365
16,10,DE,Delaware,-1,-1,0
16,11,DC,District Of Columbia,21,33,17226
16,12,FL,Florida,367,687,15603
16,13,GA,Georgia,148,331,8131
16,15,HI,Hawaii,162,311,5773
16,16,ID,ID Non-migrants,546985,1283315,0
16,17,IL,Illinois,191,363,10431
16,18,IN,Indiana,97,186,5219
16,19,IA,Iowa,99,178,3683
16,20,KS,Kansas,97,205,5914
16,21,KY,Kentucky,60,131,3148
16,22,LA,Louisiana,65,125,2854
16,23,ME,Maine,21,28,421
16,24,MD,Maryland,82,165,5351
16,25,MA,Massachusetts,65,111,3895
16,26,MI,Michigan,132,222,4240
16,27,MN,Minnesota,151,279,7230
16,28,MS,Mississippi,42,74,1336
16,29,MO,Missouri,157,288,6994
16,30,MT,Montana,653,1262,27629
16,31,NE,Nebraska,80,170,4164
16,32,NV,Nevada,808,1659,36404
16,33,NH,New Hampshire,38,58,1762
16,34,NJ,New Jersey,66,118,4948
16,35,NM,New Mexico,186,397,8878
16,36,NY,New York,186,316,11323
16,37,NC,North Carolina,201,416,8216
16,38,ND,North Dakota,290,565,16258
16,39,OH,Ohio,134,235,6752
16,40,OK,Oklahoma,101,202,3875
16,41,OR,Oregon,1472,2894,68881
16,42,PA,Pennsylvania,145,257,7678
16,44,RI,Rhode Island,-1,-1,0
16,45,SC,South Carolina,62,126,3151
16,46,SD,South Dakota,84,144,4356
16,47,TN,Tennessee,98,234,5830
16,48,TX,Texas,835,1777,48443
16,49,UT,Utah,1536,3481,65366
16,50,VT,Vermont,25,46,1299
16,51,VA,Virginia,187,345,11096
16,53,WA,Washington,2981,5594,133290
16,54,WV,West Virginia,34,68,2195
16,55,WI,Wisconsin,108,181,6312
16,56,WY,Wyoming,411,856,21203
17,1,AL,Alabama,561,1045,25851
17,2,AK,Alaska,213,376,11020
17,4,AZ,Arizona,1804,3066,103580
17,5,AR,Arkansas,607,1132,24461
17,6,CA,California,5405,9125,398651
17,8,CO,Colorado,1451,2370,85995
17,9,CT,Connecticut,510,813,48499
17,10,DE,Delaware,106,177,5805
17,11,DC,District Of Columbia,385,492,30501
17,12,FL,Florida,4659,7583,225795
17,13,GA,Georgia,1946,3584,105366
17,15,HI,Hawaii,297,496,13079
17,16,ID,Idaho,122,225,6591
17,17,IL,IL Non-migrants,4857323,10604004,0
17,18,IN,Indiana,6788,12317,295696
17,19,IA,Iowa,2978,5243,118963
17,20,KS,Kansas,656,1114,34462
17,21,KY,Kentucky,1098,1912,48796
17,22,LA,Louisiana,535,961,27299
17,23,ME,Maine,111,172,5314
17,24,MD,Maryland,798,1317,51246
17,25,MA,Massachusetts,1022,1492,78186
17,26,MI,Michigan,3611,5480,200400
17,27,MN,Minnesota,1562,2656,89499
17,28,MS,Mississippi,556,1107,17271
17,29,MO,Missouri,4889,8414,214392
17,30,MT,Montana,142,231,6146
17,31,NE,Nebraska,440,749,23102
17,32,NV,Nevada,720,1198,34953
17,33,NH,New Hampshire,111,193,11159
17,34,NJ,New Jersey,1170,2057,112998
17,35,NM,New Mexico,318,591,16375
17,36,NY,New York,2957,4518,272996
17,37,NC,North Carolina,1460,2609,79538
17,38,ND,North Dakota,145,206,5936
17,39,OH,Ohio,2550,3958,168429
17,40,OK,Oklahoma,502,930,20310
17,41,OR,Oregon,394,610,16674
17,42,PA,Pennsylvania,1408,2334,98410
17,44,RI,Rhode Island,135,207,9299
17,45,SC,South Carolina,584,975,28324
17,46,SD,South Dakota,143,284,6124
17,47,TN,Tennessee,1541,2852,62401
17,48,TX,Texas,5747,11054,363185
17,49,UT,Utah,319,609,17281
17,50,VT,Vermont,78,119,7291
17,51,VA,Virginia,1514,2553,95221
17,53,WA,Washington,1023,1822,71974
17,54,WV,West Virginia,157,280,7278
17,55,WI,Wisconsin,5106,8589,243273
17,56,WY,Wyoming,125,199,5600
18,1,AL,Alabama,412,819,19452
18,2,AK,Alaska,95,172,3718
18,4,AZ,Arizona,671,1253,63488
18,5,AR,Arkansas,265,496,9788
18,6,CA,California,1830,3448,94148
18,8,CO,Colorado,607,1082,28196
18,9,CT,Connecticut,159,276,16051
18,10,DE,Delaware,48,84,2118
18,11,DC,District Of Columbia,76,115,5001
18,12,FL,Florida,3004,5286,130761
18,13,GA,Georgia,965,1878,38812
18,15,HI,Hawaii,151,272,5691
18,16,ID,Idaho,100,187,3592
18,17,IL,Illinois,8183,16296,385036
18,18,IN,IN Non-migrants,2413153,5296632,0
18,19,IA,Iowa,367,704,17713
18,20,KS,Kansas,297,607,13344
18,21,KY,Kentucky,3718,6879,143020
18,22,LA,Louisiana,277,526,11448
18,23,ME,Maine,59,108,2991
18,24,MD,Maryland,395,741,23737
18,25,MA,Massachusetts,216,357,11650
18,26,MI,Michigan,3051,5728,137051
18,27,MN,Minnesota,419,828,26533
18,28,MS,Mississippi,245,484,8175
18,29,MO,Missouri,727,1343,32636
18,30,MT,Montana,63,134,1928
18,31,NE,Nebraska,146,275,7016
18,32,NV,Nevada,232,435,9432
18,33,NH,New Hampshire,66,102,3778
18,34,NJ,New Jersey,388,823,23894
18,35,NM,New Mexico,166,317,8107
18,36,NY,New York,942,1739,45284
18,37,NC,North Carolina,944,1865,40413
18,38,ND,North Dakota,97,160,4917
18,39,OH,Ohio,3563,6558,171329
18,40,OK,Oklahoma,261,488,9230
18,41,OR,Oregon,155,269,5860
18,42,PA,Pennsylvania,723,1334,44671
18,44,RI,Rhode Island,48,80,1984
18,45,SC,South Carolina,440,865,19742
18,46,SD,South Dakota,91,169,4593
18,47,TN,Tennessee,1158,2251,46182
18,48,TX,Texas,2487,5127,96840
18,49,UT,Utah,168,357,7154
18,50,VT,Vermont,33,61,1279
18,51,VA,Virginia,745,1423,36184
18,53,WA,Washington,367,716,21166
18,54,WV,West Virginia,174,329,8639
18,55,WI,Wisconsin,668,1299,34291
18,56,WY,Wyoming,72,150,2615
19,1,AL,Alabama,130,239,5270
19,2,AK,Alaska,75,147,3019
19,4,AZ,Arizona,564,1026,24588
19,5,AR,Arkansas,179,371,5638
19,6,CA,California,975,1859,41183
19,8,CO,Colorado,619,1125,25431
19,9,CT,Connecticut,55,89,2858
19,10,DE,Delaware,14,20,855
19,11,DC,District Of Columbia,33,42,2558
19,12,FL,Florida,731,1262,41860
19,13,GA,Georgia,326,691,13502
19,15,HI,Hawaii,76,148,6665
19,16,ID,Idaho,94,205,3677
19,17,IL,Illinois,3799,7020,148671
19,18,IN,Indiana,365,658,14226
19,19,IA,IA Non-migrants,1153911,2506494,0
19,20,KS,Kansas,448,870,21472
19,21,KY,Kentucky,141,256,6930
19,22,LA,Louisiana,136,287,6258
19,23,ME,Maine,23,42,737
19,24,MD,Maryland,146,264,6819
19,25,MA,Massachusetts,104,155,5911
19,26,MI,Michigan,352,650,13960
19,27,MN,Minnesota,1489,2666,73407
19,28,MS,Mississippi,148,318,5639
19,29,MO,Missouri,1154,2186,46028
19,30,MT,Montana,81,163,3271
19,31,NE,Nebraska,2078,3906,87290
19,32,NV,Nevada,152,259,6713
19,33,NH,New Hampshire,30,55,1075
19,34,NJ,New Jersey,141,250,8784
19,35,NM,New Mexico,105,211,4439
19,36,NY,New York,359,665,17048
19,37,NC,North Carolina,346,673,14316
19,38,ND,North Dakota,180,333,6685
19,39,OH,Ohio,289,577,14190
19,40,OK,Oklahoma,242,456,7790
19,41,OR,Oregon,131,222,4998
19,42,PA,Pennsylvania,266,512,13158
19,44,RI,Rhode Island,29,64,1342
19,45,SC,South Carolina,124,254,7126
19,46,SD,South Dakota,637,1131,26998
19,47,TN,Tennessee,268,509,11213
19,48,TX,Texas,1265,2492,51792
19,49,UT,Utah,138,323,6696
19,50,VT,Vermont,14,30,655
19,51,VA,Virginia,275,498,16845
19,53,WA,Washington,289,555,11804
19,54,WV,West Virginia,34,76,1445
19,55,WI,Wisconsin,913,1590,40987
19,56,WY,Wyoming,93,181,4255
20,1,AL,Alabama,247,511,9981
20,2,AK,Alaska,133,335,5290
20,4,AZ,Arizona,586,1105,25537
20,5,AR,Arkansas,422,826,17309
20,6,CA,California,1564,3004,64787
20,8,CO,Colorado,1190,2301,50853
20,9,CT,Connecticut,80,137,4361
20,10,DE,Delaware,30,57,1694
20,11,DC,District Of Columbia,32,38,1488
20,12,FL,Florida,974,1747,36766
20,13,GA,Georgia,606,1335,25355
20,15,HI,Hawaii,197,463,7988
20,16,ID,Idaho,99,194,3562
20,17,IL,Illinois,735,1352,42653
20,18,IN,Indiana,306,566,15292
20,19,IA,Iowa,463,837,22900
20,20,KS,KS Non-migrants,1043675,2318809,0
20,21,KY,Kentucky,250,574,12820
20,22,LA,Louisiana,228,508,8262
20,23,ME,Maine,40,81,1397
20,24,MD,Maryland,187,350,10423
20,25,MA,Massachusetts,117,202,6542
20,26,MI,Michigan,310,566,12080
20,27,MN,Minnesota,308,581,17241
20,28,MS,Mississippi,131,269,4161
20,29,MO,Missouri,6831,12158,344619
20,30,MT,Montana,68,130,4910
20,31,NE,Nebraska,777,1444,36039
20,32,NV,Nevada,192,346,8915
20,33,NH,New Hampshire,58,107,2710
20,34,NJ,New Jersey,182,323,9786
20,35,NM,New Mexico,210,452,9680
20,36,NY,New York,447,864,22298
20,37,NC,North Carolina,511,1090,23118
20,38,ND,North Dakota,83,179,4245
20,39,OH,Ohio,342,623,17666
20,40,OK,Oklahoma,1736,3677,72182
20,41,OR,Oregon,190,325,7830
20,42,PA,Pennsylvania,298,534,13256
20,44,RI,Rhode Island,30,57,1476
20,45,SC,South Carolina,230,464,10145
20,46,SD,South Dakota,124,212,4742
20,47,TN,Tennessee,365,781,16676
20,48,TX,Texas,2659,5417,132411
20,49,UT,Utah,153,347,6871
20,50,VT,Vermont,19,27,651
20,51,VA,Virginia,438,835,22743
20,53,WA,Washington,453,924,23543
20,54,WV,West Virginia,51,111,1814
20,55,WI,Wisconsin,206,371,8119
20,56,WY,Wyoming,100,207,5365
21,1,AL,Alabama,523,1098,21678
21,2,AK,Alaska,129,281,6258
21,4,AZ,Arizona,348,669,14258
21,5,AR,Arkansas,234,454,11097
21,6,CA,California,1187,2209,67338
21,8,CO,Colorado,387,796,21918
21,9,CT,Connecticut,127,231,5898
21,10,DE,Delaware,35,60,1981
21,11,DC,District Of Columbia,44,63,2358
21,12,FL,Florida,2465,4505,117159
21,13,GA,Georgia,1042,2216,45090
21,15,HI,Hawaii,153,323,6343
21,16,ID,Idaho,50,104,1552
21,17,IL,Illinois,1381,2591,63104
21,18,IN,Indiana,3809,7030,137511
21,19,IA,Iowa,152,305,5505
21,20,KS,Kansas,209,447,9471
21,21,KY,KY Non-migrants,1486245,3260782,0
21,22,LA,Louisiana,249,478,11376
21,23,ME,Maine,56,102,2426
21,24,MD,Maryland,310,604,15452
21,25,MA,Massachusetts,205,326,11112
21,26,MI,Michigan,862,1574,40058
21,27,MN,Minnesota,207,381,9827
21,28,MS,Mississippi,270,568,9866
21,29,MO,Missouri,552,1048,20447
21,30,MT,Montana,50,87,1553
21,31,NE,Nebraska,88,158,4035
21,32,NV,Nevada,159,306,8864
21,33,NH,New Hampshire,56,112,2374
21,34,NJ,New Jersey,275,511,15867
21,35,NM,New Mexico,99,201,4355
21,36,NY,New York,738,1450,35845
21,37,NC,North Carolina,987,2045,43286
21,38,ND,North Dakota,51,85,2432
21,39,OH,Ohio,4617,8330,194889
21,40,OK,Oklahoma,211,425,8916
21,41,OR,Oregon,105,193,4066
21,42,PA,Pennsylvania,513,924,21930
21,44,RI,Rhode Island,48,82,2346
21,45,SC,South Carolina,488,987,19287
21,46,SD,South Dakota,64,115,1638
21,47,TN,Tennessee,3172,6329,113604
21,48,TX,Texas,1783,3601,80545
21,49,UT,Utah,110,257,4356
21,50,VT,Vermont,24,49,1085
21,51,VA,Virginia,845,1668,42647
21,53,WA,Washington,319,691,14640
21,54,WV,West Virginia,618,1232,23886
21,55,WI,Wisconsin,255,465,12095
21,56,WY,Wyoming,52,97,2980
22,1,AL,Alabama,1037,1956,49626
22,2,AK,Alaska,133,272,7368
22,4,AZ,Arizona,366,671,15524
22,5,AR,Arkansas,912,1925,38791
22,6,CA,California,1771,3105,84039
22,8,CO,Colorado,491,860,22019
22,9,CT,Connecticut,142,214,8029
22,10,DE,Delaware,42,80,3150
22,11,DC,District Of Columbia,69,95,5462
22,12,FL,Florida,2197,3855,99152
22,13,GA,Georgia,1534,3072,55064
22,15,HI,Hawaii,154,345,6489
22,16,ID,Idaho,53,112,2461
22,17,IL,Illinois,657,1054,27711
22,18,IN,Indiana,301,564,12195
22,19,IA,Iowa,145,271,6117
22,20,KS,Kansas,240,458,10335
22,21,KY,Kentucky,313,608,11798
22,22,LA,LA Non-migrants,1543341,3382604,0
22,23,ME,Maine,50,78,2143
22,24,MD,Maryland,363,624,18848
22,25,MA,Massachusetts,243,369,11317
22,26,MI,Michigan,428,812,18381
22,27,MN,Minnesota,181,300,7114
22,28,MS,Mississippi,3020,5828,128442
22,29,MO,Missouri,504,954,22343
22,30,MT,Montana,50,109,1983
22,31,NE,Nebraska,92,152,3499
22,32,NV,Nevada,247,452,9788
22,33,NH,New Hampshire,49,80,3115
22,34,NJ,New Jersey,309,496,7726
22,35,NM,New Mexico,181,328,8482
22,36,NY,New York,923,1561,45392
22,37,NC,North Carolina,842,1698,30017
22,38,ND,North Dakota,82,167,4549
22,39,OH,Ohio,515,867,22626
22,40,OK,Oklahoma,452,889,19106
22,41,OR,Oregon,136,214,5095
22,42,PA,Pennsylvania,442,741,24569
22,44,RI,Rhode Island,61,104,4129
22,45,SC,South Carolina,379,690,16876
22,46,SD,South Dakota,46,97,2162
22,47,TN,Tennessee,838,1586,38152
22,48,TX,Texas,8707,17678,491229
22,49,UT,Utah,118,264,4622
22,50,VT,Vermont,38,55,1145
22,51,VA,Virginia,673,1231,36253
22,53,WA,Washington,408,795,21897
22,54,WV,West Virginia,99,186,4999
22,55,WI,Wisconsin,201,351,8758
22,56,WY,Wyoming,73,164,1180
23,1,AL,Alabama,52,90,3142
23,2,AK,Alaska,56,91,2294
23,4,AZ,Arizona,148,248,4022
23,5,AR,Arkansas,19,33,715
23,6,CA,California,462,733,35605
23,8,CO,Colorado,160,253,9324
23,9,CT,Connecticut,436,676,29812
23,10,DE,Delaware,27,50,1536
23,11,DC,District Of Columbia,43,55,2600
23,12,FL,Florida,946,1523,41956
23,13,GA,Georgia,156,287,6469
23,15,HI,Hawaii,49,85,2424
23,16,ID,Idaho,20,46,569
23,17,IL,Illinois,98,166,11129
23,18,IN,Indiana,62,103,2866
23,19,IA,Iowa,28,59,2125
23,20,KS,Kansas,40,81,1931
23,21,KY,Kentucky,55,94,2010
23,22,LA,Louisiana,47,68,2044
23,23,ME,ME Non-migrants,509468,1013151,0
23,24,MD,Maryland,177,307,13775
23,25,MA,Massachusetts,1624,2441,102687
23,26,MI,Michigan,88,154,4623
23,27,MN,Minnesota,64,100,3027
23,28,MS,Mississippi,25,49,1241
23,29,MO,Missouri,58,99,4272
23,30,MT,Montana,32,42,924
23,31,NE,Nebraska,18,32,842
23,32,NV,Nevada,50,78,1892
23,33,NH,New Hampshire,1445,2252,60719
23,34,NJ,New Jersey,264,418,17017
23,35,NM,New Mexico,33,65,2412
23,36,NY,New York,767,1217,50094
23,37,NC,North Carolina,276,470,15204
23,38,ND,North Dakota,18,41,820
23,39,OH,Ohio,124,190,6440
23,40,OK,Oklahoma,30,66,1342
23,41,OR,Oregon,79,123,3693
23,42,PA,Pennsylvania,296,465,14129
23,44,RI,Rhode Island,135,208,5357
23,45,SC,South Carolina,99,170,4163
23,46,SD,South Dakota,27,54,1664
23,47,TN,Tennessee,116,219,5807
23,48,TX,Texas,348,644,19056
23,49,UT,Utah,43,84,1267
23,50,VT,Vermont,265,396,11719
23,51,VA,Virginia,329,615,22134
23,53,WA,Washington,118,191,4616
23,54,WV,West Virginia,26,41,521
23,55,WI,Wisconsin,54,100,2608
23,56,WY,Wyoming,22,27,630
24,1,AL,Alabama,386,691,17660
24,2,AK,Alaska,104,194,4463
24,4,AZ,Arizona,565,975,35232
24,5,AR,Arkansas,138,259,7575
24,6,CA,California,2716,4638,164545
24,8,CO,Colorado,563,959,34454
24,9,CT,Connecticut,587,945,46976
24,10,DE,Delaware,1992,3571,91797
24,11,DC,District Of Columbia,7197,12835,457245
24,12,FL,Florida,3581,6162,197823
24,13,GA,Georgia,1606,3073,75375
24,15,HI,Hawaii,389,764,20872
24,16,ID,Idaho,63,105,2430
24,17,IL,Illinois,878,1501,98987
24,18,IN,Indiana,351,597,18307
24,19,IA,Iowa,124,203,6484
24,20,KS,Kansas,192,365,10670
24,21,KY,Kentucky,302,596,14131
24,22,LA,Louisiana,340,593,15875
24,23,ME,Maine,152,240,7708
24,24,MD,MD Non-migrants,2244389,4699658,0
24,25,MA,Massachusetts,909,1429,60235
24,26,MI,Michigan,648,1079,36951
24,27,MN,Minnesota,263,426,16204
24,28,MS,Mississippi,179,322,8113
24,29,MO,Missouri,337,603,21321
24,30,MT,Montana,63,106,2329
24,31,NE,Nebraska,123,227,5709
24,32,NV,Nevada,245,428,12293
24,33,NH,New Hampshire,145,252,8777
24,34,NJ,New Jersey,2838,5397,160558
24,35,NM,New Mexico,176,309,10125
24,36,NY,New York,4289,7331,242637
24,37,NC,North Carolina,2308,4129,102791
24,38,ND,North Dakota,47,84,1965
24,39,OH,Ohio,971,1573,50223
24,40,OK,Oklahoma,219,439,11538
24,41,OR,Oregon,181,294,8886
24,42,PA,Pennsylvania,5279,8542,268496
24,44,RI,Rhode Island,177,280,7859
24,45,SC,South Carolina,816,1414,34123
24,46,SD,South Dakota,50,83,2485
24,47,TN,Tennessee,543,936,27494
24,48,TX,Texas,2640,5046,135432
24,49,UT,Utah,176,348,9736
24,50,VT,Vermont,93,151,4587
24,51,VA,Virginia,10322,18653,559233
24,53,WA,Washington,536,968,30681
24,54,WV,West Virginia,1175,2073,47955
24,55,WI,Wisconsin,273,436,14078
24,56,WY,Wyoming,35,68,3703
25,1,AL,Alabama,182,281,7327
25,2,AK,Alaska,101,145,5060
25,4,AZ,Arizona,510,800,27573
25,5,AR,Arkansas,100,162,4685
25,6,CA,California,3395,5187,335401
25,8,CO,Colorado,649,982,41843
25,9,CT,Connecticut,3815,5544,256010
25,10,DE,Delaware,150,208,12868
25,11,DC,District Of Columbia,448,567,44381
25,12,FL,Florida,4595,7404,252250
25,13,GA,Georgia,904,1530,55800
25,15,HI,Hawaii,187,291,9086
25,16,ID,Idaho,64,99,3084
25,17,IL,Illinois,1049,1629,98831
25,18,IN,Indiana,313,483,20545
25,19,IA,Iowa,110,150,6387
25,20,KS,Kansas,151,250,7958
25,21,KY,Kentucky,192,317,13599
25,22,LA,Louisiana,218,352,10116
25,23,ME,Maine,1375,1940,74614
25,24,MD,Maryland,978,1476,66330
25,25,MA,MA Non-migrants,2610091,5259618,0
25,26,MI,Michigan,550,824,37183
25,27,MN,Minnesota,325,536,27277
25,28,MS,Mississippi,85,141,3703
25,29,MO,Missouri,290,493,23224
25,30,MT,Montana,66,81,3332
25,31,NE,Nebraska,61,95,7255
25,32,NV,Nevada,220,340,11399
25,33,NH,New Hampshire,4611,6593,268657
25,34,NJ,New Jersey,2075,3271,187356
25,35,NM,New Mexico,172,286,10705
25,36,NY,New York,6554,9807,526681
25,37,NC,North Carolina,1155,1892,67511
25,38,ND,North Dakota,33,50,1823
25,39,OH,Ohio,688,1021,55202
25,40,OK,Oklahoma,121,224,5628
25,41,OR,Oregon,278,408,17898
25,42,PA,Pennsylvania,1805,2708,145523
25,44,RI,Rhode Island,3606,5610,219315
25,45,SC,South Carolina,436,678,19837
25,46,SD,South Dakota,42,66,1602
25,47,TN,Tennessee,385,628,19364
25,48,TX,Texas,1911,3256,162439
25,49,UT,Utah,181,346,14160
25,50,VT,Vermont,776,1040,41452
25,51,VA,Virginia,1202,1852,79453
25,53,WA,Washington,586,899,50107
25,54,WV,West Virginia,77,116,2929
25,55,WI,Wisconsin,311,471,18803
25,56,WY,Wyoming,29,45,1180
26,1,AL,Alabama,559,1110,19223
26,2,AK,Alaska,226,379,10439
26,4,AZ,Arizona,1231,2173,67227
26,5,AR,Arkansas,271,538,10260
26,6,CA,California,2794,4906,164638
26,8,CO,Colorado,960,1621,44124
26,9,CT,Connecticut,265,521,26821
26,10,DE,Delaware,74,142,4962
26,11,DC,District Of Columbia,157,215,10958
26,12,FL,Florida,4397,7580,188352
26,13,GA,Georgia,1420,2791,51384
26,15,HI,Hawaii,217,350,8047
26,16,ID,Idaho,107,205,5098
26,17,IL,Illinois,3420,5930,258151
26,18,IN,Indiana,2825,5357,133135
26,19,IA,Iowa,354,662,22137
26,20,KS,Kansas,289,557,12962
26,21,KY,Kentucky,723,1365,31960
26,22,LA,Louisiana,334,593,14371
26,23,ME,Maine,87,141,4794
26,24,MD,Maryland,533,924,33556
26,25,MA,Massachusetts,444,742,30180
26,26,MI,MI Non-migrants,3663023,7741940,0
26,27,MN,Minnesota,602,1040,33705
26,28,MS,Mississippi,279,542,8587
26,29,MO,Missouri,627,1132,29380
26,30,MT,Montana,157,260,6083
26,31,NE,Nebraska,138,254,5864
26,32,NV,Nevada,466,874,21833
26,33,NH,New Hampshire,108,182,7259
26,34,NJ,New Jersey,550,1045,42980
26,35,NM,New Mexico,164,276,6874
26,36,NY,New York,1589,2944,82920
26,37,NC,North Carolina,1363,2573,65090
26,38,ND,North Dakota,242,412,12982
26,39,OH,Ohio,3570,6315,194185
26,40,OK,Oklahoma,325,634,14711
26,41,OR,Oregon,288,531,13443
26,42,PA,Pennsylvania,939,1663,74537
26,44,RI,Rhode Island,60,96,3976
26,45,SC,South Carolina,609,1132,28591
26,46,SD,South Dakota,107,194,4203
26,47,TN,Tennessee,1262,2337,76170
26,48,TX,Texas,4521,8777,183021
26,49,UT,Utah,230,454,10928
26,50,VT,Vermont,59,97,3831
26,51,VA,Virginia,1044,1864,66136
26,53,WA,Washington,623,1092,33415
26,54,WV,West Virginia,187,352,6733
26,55,WI,Wisconsin,1469,2543,79811
26,56,WY,Wyoming,139,256,1392
27,1,AL,Alabama,142,286,6733
27,2,AK,Alaska,214,373,11450
27,4,AZ,Arizona,1050,1773,50798
27,5,AR,Arkansas,167,305,9692
27,6,CA,California,2139,3766,132442
27,8,CO,Colorado,889,1582,43566
27,9,CT,Connecticut,184,322,22703
27,10,DE,Delaware,42,64,2913
27,11,DC,District Of Columbia,98,129,6794
27,12,FL,Florida,1372,2286,85134
27,13,GA,Georgia,579,1070,27666
27,15,HI,Hawaii,156,254,5786
27,16,ID,Idaho,123,228,133935
27,17,IL,Illinois,1971,3611,113553
27,18,IN,Indiana,476,936,21446
27,19,IA,Iowa,1786,3133,85249
27,20,KS,Kansas,399,796,8273
27,21,KY,Kentucky,185,359,9408
27,22,LA,Louisiana,169,291,7940
27,23,ME,Maine,85,183,2525
27,24,MD,Maryland,257,417,13550
27,25,MA,Massachusetts,328,524,18940
27,26,MI,Michigan,776,1323,42074
27,27,MN,MN Non-migrants,2103548,4492685,0
27,28,MS,Mississippi,120,236,4729
27,29,MO,Missouri,553,1045,26785
27,30,MT,Montana,271,430,12095
27,31,NE,Nebraska,507,988,22608
27,32,NV,Nevada,303,530,14941
27,33,NH,New Hampshire,62,98,3819
27,34,NJ,New Jersey,340,612,69228
27,35,NM,New Mexico,142,242,5950
27,36,NY,New York,859,1455,57614
27,37,NC,North Carolina,573,1005,31019
27,38,ND,North Dakota,2985,4894,131117
27,39,OH,Ohio,483,854,29363
27,40,OK,Oklahoma,183,350,7384
27,41,OR,Oregon,301,488,13873
27,42,PA,Pennsylvania,431,726,27981
27,44,RI,Rhode Island,43,79,3639
27,45,SC,South Carolina,167,288,8015
27,46,SD,South Dakota,1169,1965,102346
27,47,TN,Tennessee,372,697,18464
27,48,TX,Texas,2067,4150,84225
27,49,UT,Utah,214,460,10343
27,50,VT,Vermont,44,78,2124
27,51,VA,Virginia,483,809,32161
27,53,WA,Washington,668,1154,45440
27,54,WV,West Virginia,54,89,1955
27,55,WI,Wisconsin,5218,7974,242908
27,56,WY,Wyoming,135,232,11822
28,1,AL,Alabama,2022,4275,83165
28,2,AK,Alaska,61,111,2296
28,4,AZ,Arizona,197,425,9168
28,5,AR,Arkansas,675,1392,25281
28,6,CA,California,810,1588,47318
28,8,CO,Colorado,243,510,9549
28,9,CT,Connecticut,40,52,1196
28,10,DE,Delaware,20,48,735
28,11,DC,District Of Columbia,35,49,2253
28,12,FL,Florida,1436,2669,56518
28,13,GA,Georgia,1161,2422,40895
28,15,HI,Hawaii,71,145,2517
28,16,ID,Idaho,29,58,1192
28,17,IL,Illinois,620,1241,19362
28,18,IN,Indiana,258,524,9853
28,19,IA,Iowa,85,187,2374
28,20,KS,Kansas,114,229,4202
28,21,KY,Kentucky,241,472,10046
28,22,LA,Louisiana,2639,5444,117342
28,23,ME,Maine,21,37,1074
28,24,MD,Maryland,142,298,7655
28,25,MA,Massachusetts,89,155,4266
28,26,MI,Michigan,311,617,9773
28,27,MN,Minnesota,109,205,3949
28,28,MS,MS Non-migrants,963915,2176566,0
28,29,MO,Missouri,363,720,13999
28,30,MT,Montana,40,91,1866
28,31,NE,Nebraska,63,135,2292
28,32,NV,Nevada,112,208,4396
28,33,NH,New Hampshire,20,33,1235
28,34,NJ,New Jersey,119,242,4487
28,35,NM,New Mexico,86,156,3525
28,36,NY,New York,325,610,13657
28,37,NC,North Carolina,474,977,20256
28,38,ND,North Dakota,57,145,3139
28,39,OH,Ohio,314,588,18026
28,40,OK,Oklahoma,214,409,8297
28,41,OR,Oregon,63,110,1938
28,42,PA,Pennsylvania,206,387,9412
28,44,RI,Rhode Island,20,35,752
28,45,SC,South Carolina,247,490,11838
28,46,SD,South Dakota,20,43,676
28,47,TN,Tennessee,3669,7674,130424
28,48,TX,Texas,3050,6287,120629
28,49,UT,Utah,68,154,2560
28,50,VT,Vermont,19,31,610
28,51,VA,Virginia,422,888,19910
28,53,WA,Washington,195,393,8499
28,54,WV,West Virginia,49,107,1643
28,55,WI,Wisconsin,219,432,8181
28,56,WY,Wyoming,40,85,1354
29,1,AL,Alabama,394,716,18372
29,2,AK,Alaska,211,433,10518
29,4,AZ,Arizona,811,1593,41394
29,5,AR,Arkansas,1987,4006,71670
29,6,CA,California,2421,4417,125672
29,8,CO,Colorado,1103,2071,52468
29,9,CT,Connecticut,149,266,10757
29,10,DE,Delaware,37,63,2348
29,11,DC,District Of Columbia,77,100,5382
29,12,FL,Florida,2021,3598,145771
29,13,GA,Georgia,948,1860,45027
29,15,HI,Hawaii,232,478,11195
29,16,ID,Idaho,122,245,6509
29,17,IL,Illinois,6096,10279,302476
29,18,IN,Indiana,777,1479,34438
29,19,IA,Iowa,1127,1977,52642
29,20,KS,Kansas,7191,12601,349401
29,21,KY,Kentucky,584,1115,22195
29,22,LA,Louisiana,456,887,20798
29,23,ME,Maine,71,110,3026
29,24,MD,Maryland,335,633,20455
29,25,MA,Massachusetts,216,346,15062
29,26,MI,Michigan,656,1148,31848
29,27,MN,Minnesota,495,899,27506
29,28,MS,Mississippi,378,742,14550
29,29,MO,MO Non-migrants,2135644,4555741,0
29,30,MT,Montana,125,251,4955
29,31,NE,Nebraska,671,1206,39244
29,32,NV,Nevada,317,603,16449
29,33,NH,New Hampshire,53,88,2513
29,34,NJ,New Jersey,291,515,18331
29,35,NM,New Mexico,289,531,13562
29,36,NY,New York,799,1385,46251
29,37,NC,North Carolina,836,1667,36590
29,38,ND,North Dakota,145,264,9624
29,39,OH,Ohio,749,1355,41077
29,40,OK,Oklahoma,1414,2762,61241
29,41,OR,Oregon,289,508,13068
29,42,PA,Pennsylvania,511,954,30059
29,44,RI,Rhode Island,41,50,1277
29,45,SC,South Carolina,355,669,15424
29,46,SD,South Dakota,158,279,7452
29,47,TN,Tennessee,986,1867,44841
29,48,TX,Texas,3722,7246,179113
29,49,UT,Utah,268,597,11077
29,50,VT,Vermont,45,75,1287
29,51,VA,Virginia,649,1209,38328
29,53,WA,Washington,635,1266,37618
29,54,WV,West Virginia,99,203,4935
29,55,WI,Wisconsin,621,1084,33473
29,56,WY,Wyoming,125,223,4997
30,1,AL,Alabama,50,86,2166
30,2,AK,Alaska,213,369,12927
30,4,AZ,Arizona,516,922,29129
30,5,AR,Arkansas,70,140,2288
30,6,CA,California,1275,2244,113013
30,8,CO,Colorado,698,1168,29938
30,9,CT,Connecticut,53,69,5789
30,10,DE,Delaware,-1,-1,0
30,11,DC,District Of Columbia,-1,-1,0
30,12,FL,Florida,350,619,16723
30,13,GA,Georgia,145,295,10238
30,15,HI,Hawaii,85,161,5505
30,16,ID,Idaho,573,1069,22921
30,17,IL,Illinois,185,282,15237
30,18,IN,Indiana,105,181,5337
30,19,IA,Iowa,108,166,4834
30,20,KS,Kansas,117,200,4710
30,21,KY,Kentucky,46,85,1760
30,22,LA,Louisiana,60,114,3122
30,23,ME,Maine,59,81,1599
30,24,MD,Maryland,71,118,3350
30,25,MA,Massachusetts,80,111,3342
30,26,MI,Michigan,209,302,7795
30,27,MN,Minnesota,295,450,11093
30,28,MS,Mississippi,41,80,2209
30,29,MO,Missouri,133,291,5825
30,30,MT,MT Non-migrants,385518,789405,0
30,31,NE,Nebraska,94,194,4021
30,32,NV,Nevada,295,516,19204
30,33,NH,New Hampshire,42,64,1661
30,34,NJ,New Jersey,71,117,5614
30,35,NM,New Mexico,149,291,7461
30,36,NY,New York,224,340,21183
30,37,NC,North Carolina,178,297,6983
30,38,ND,North Dakota,664,1172,41619
30,39,OH,Ohio,138,226,7625
30,40,OK,Oklahoma,130,255,5254
30,41,OR,Oregon,537,876,21035
30,42,PA,Pennsylvania,155,248,18441
30,44,RI,Rhode Island,16,24,2744
30,45,SC,South Carolina,72,141,2937
30,46,SD,South Dakota,191,343,7632
30,47,TN,Tennessee,103,194,5461
30,48,TX,Texas,582,1083,35742
30,49,UT,Utah,355,703,14980
30,50,VT,Vermont,51,69,2090
30,51,VA,Virginia,171,301,14556
30,53,WA,Washington,1213,2163,54919
30,54,WV,West Virginia,35,63,1956
30,55,WI,Wisconsin,191,266,7140
30,56,WY,Wyoming,608,1047,30042
31,1,AL,Alabama,107,225,4780
31,2,AK,Alaska,73,138,3756
31,4,AZ,Arizona,476,899,3304
31,5,AR,Arkansas,136,275,6094
31,6,CA,California,991,2012,47689
31,8,CO,Colorado,1106,2060,46032
31,9,CT,Connecticut,50,90,4823
31,10,DE,Delaware,-1,-1,0
31,11,DC,District Of Columbia,22,29,1611
31,12,FL,Florida,610,1056,21840
31,13,GA,Georgia,228,465,9358
31,15,HI,Hawaii,66,128,2645
31,16,ID,Idaho,79,187,2814
31,17,IL,Illinois,480,897,23944
31,18,IN,Indiana,135,226,5889
31,19,IA,Iowa,2189,4121,90385
31,20,KS,Kansas,828,1574,34567
31,21,KY,Kentucky,88,209,3970
31,22,LA,Louisiana,117,228,5071
31,23,ME,Maine,27,47,1080
31,24,MD,Maryland,121,234,7557
31,25,MA,Massachusetts,49,86,2019
31,26,MI,Michigan,168,301,8281
31,27,MN,Minnesota,395,703,18021
31,28,MS,Mississippi,70,145,2665
31,29,MO,Missouri,642,1173,32549
31,30,MT,Montana,81,140,3435
31,31,NE,NE Non-migrants,698628,1548323,0
31,32,NV,Nevada,147,303,8162
31,33,NH,New Hampshire,24,36,1312
31,34,NJ,New Jersey,81,158,6173
31,35,NM,New Mexico,129,263,6287
31,36,NY,New York,227,408,11373
31,37,NC,North Carolina,187,364,8161
31,38,ND,North Dakota,154,301,15447
31,39,OH,Ohio,210,349,9619
31,40,OK,Oklahoma,234,531,14129
31,41,OR,Oregon,130,255,6180
31,42,PA,Pennsylvania,158,302,8351
31,44,RI,Rhode Island,15,30,809
31,45,SC,South Carolina,96,179,3449
31,46,SD,South Dakota,560,989,22183
31,47,TN,Tennessee,181,370,7663
31,48,TX,Texas,1129,2181,44949
31,49,UT,Utah,144,314,5660
31,50,VT,Vermont,-1,-1,0
31,51,VA,Virginia,202,418,11503
31,53,WA,Washington,274,526,11620
31,54,WV,West Virginia,20,31,734
31,55,WI,Wisconsin,180,344,9001
31,56,WY,Wyoming,288,540,11892
32,1,AL,Alabama,167,327,7062
32,2,AK,Alaska,325,584,22043
32,4,AZ,Arizona,2541,5017,143019
32,5,AR,Arkansas,188,378,8596
32,6,CA,California,17680,33533,1610535
32,8,CO,Colorado,1249,2143,85973
32,9,CT,Connecticut,208,310,13218
32,10,DE,Delaware,45,65,5479
32,11,DC,District Of Columbia,51,72,3585
32,12,FL,Florida,1907,3191,88359
32,13,GA,Georgia,622,1160,53451
32,15,HI,Hawaii,1105,2114,51009
32,16,ID,Idaho,708,1473,35458
32,17,IL,Illinois,1254,2257,109470
32,18,IN,Indiana,395,703,15587
32,19,IA,Iowa,212,354,9696
32,20,KS,Kansas,277,512,24633
32,21,KY,Kentucky,144,259,6457
32,22,LA,Louisiana,251,486,10203
32,23,ME,Maine,58,100,3211
32,24,MD,Maryland,332,574,21426
32,25,MA,Massachusetts,273,412,15078
32,26,MI,Michigan,702,1202,31630
32,27,MN,Minnesota,449,753,34716
32,28,MS,Mississippi,171,308,6491
32,29,MO,Missouri,440,739,19656
32,30,MT,Montana,288,517,14609
32,31,NE,Nebraska,200,351,10133
32,32,NV,NV Non-migrants,1031245,2210594,0
32,33,NH,New Hampshire,103,156,14010
32,34,NJ,New Jersey,559,956,69543
32,35,NM,New Mexico,549,1032,24375
32,36,NY,New York,1256,1984,78800
32,37,NC,North Carolina,553,1031,25885
32,38,ND,North Dakota,185,376,9770
32,39,OH,Ohio,637,1074,38180
32,40,OK,Oklahoma,293,541,11563
32,41,OR,Oregon,952,1654,62527
32,42,PA,Pennsylvania,652,1017,32780
32,44,RI,Rhode Island,62,101,2744
32,45,SC,South Carolina,205,329,8138
32,46,SD,South Dakota,150,263,8426
32,47,TN,Tennessee,400,735,19470
32,48,TX,Texas,2557,4928,127932
32,49,UT,Utah,1607,3379,82507
32,50,VT,Vermont,31,52,1100
32,51,VA,Virginia,620,1067,73904
32,53,WA,Washington,1454,2644,68312
32,54,WV,West Virginia,71,105,3147
32,55,WI,Wisconsin,433,740,21686
32,56,WY,Wyoming,227,417,15073
33,1,AL,Alabama,47,80,2646
33,2,AK,Alaska,41,63,2537
33,4,AZ,Arizona,139,227,7302
33,5,AR,Arkansas,30,53,1647
33,6,CA,California,487,778,31862
33,8,CO,Colorado,177,305,11010
33,9,CT,Connecticut,560,892,51142
33,10,DE,Delaware,36,57,2010
33,11,DC,District Of Columbia,46,63,4800
33,12,FL,Florida,1032,1690,49381
33,13,GA,Georgia,149,257,7305
33,15,HI,Hawaii,58,89,2467
33,16,ID,Idaho,16,22,668
33,17,IL,Illinois,131,214,18951
33,18,IN,Indiana,52,84,3716
33,19,IA,Iowa,22,37,1219
33,20,KS,Kansas,38,72,2657
33,21,KY,Kentucky,49,90,1578
33,22,LA,Louisiana,37,57,1680
33,23,ME,Maine,1359,2082,65661
33,24,MD,Maryland,177,296,21342
33,25,MA,Massachusetts,5986,9592,475425
33,26,MI,Michigan,103,155,6699
33,27,MN,Minnesota,47,85,3261
33,28,MS,Mississippi,21,43,1044
33,29,MO,Missouri,53,100,3588
33,30,MT,Montana,26,41,1134
33,31,NE,Nebraska,19,23,887
33,32,NV,Nevada,54,96,2930
33,33,NH,NH Non-migrants,536815,1079325,0
33,34,NJ,New Jersey,295,506,24007
33,35,NM,New Mexico,33,48,1099
33,36,NY,New York,895,1460,74842
33,37,NC,North Carolina,319,517,12585
33,38,ND,North Dakota,16,33,596
33,39,OH,Ohio,171,313,14896
33,40,OK,Oklahoma,40,60,1317
33,41,OR,Oregon,47,62,3167
33,42,PA,Pennsylvania,307,497,22599
33,44,RI,Rhode Island,253,378,18019
33,45,SC,South Carolina,140,237,6675
33,46,SD,South Dakota,-1,-1,0
33,47,TN,Tennessee,89,155,7103
33,48,TX,Texas,432,755,25351
33,49,UT,Utah,40,84,3023
33,50,VT,Vermont,1039,1613,62616
33,51,VA,Virginia,300,503,21352
33,53,WA,Washington,117,199,5490
33,54,WV,West Virginia,24,40,1816
33,55,WI,Wisconsin,57,108,5765
33,56,WY,Wyoming,-1,-1,0
34,1,AL,Alabama,184,323,7510
34,2,AK,Alaska,67,133,3061
34,4,AZ,Arizona,514,884,32885
34,5,AR,Arkansas,111,188,6426
34,6,CA,California,2666,4695,252545
34,8,CO,Colorado,438,752,23906
34,9,CT,Connecticut,1271,2193,105905
34,10,DE,Delaware,832,1413,42143
34,11,DC,District Of Columbia,301,410,21057
34,12,FL,Florida,5240,8840,380186
34,13,GA,Georgia,1226,2253,73157
34,15,HI,Hawaii,179,315,6477
34,16,ID,Idaho,45,88,2577
34,17,IL,Illinois,996,1801,92421
34,18,IN,Indiana,321,586,23493
34,19,IA,Iowa,97,179,5235
34,20,KS,Kansas,149,287,9341
34,21,KY,Kentucky,194,353,10699
34,22,LA,Louisiana,203,358,9577
34,23,ME,Maine,144,228,7974
34,24,MD,Maryland,2469,4846,115262
34,25,MA,Massachusetts,1449,2322,122842
34,26,MI,Michigan,454,777,31170
34,27,MN,Minnesota,268,499,23503
34,28,MS,Mississippi,97,170,5549
34,29,MO,Missouri,264,478,18882
34,30,MT,Montana,29,55,1266
34,31,NE,Nebraska,73,133,3490
34,32,NV,Nevada,263,425,10951
34,33,NH,New Hampshire,205,360,17017
34,34,NJ,NJ Non-migrants,3375608,7264590,0
34,35,NM,New Mexico,100,175,4292
34,36,NY,New York,23156,41189,2040964
34,37,NC,North Carolina,1674,3096,82106
34,38,ND,North Dakota,40,86,1510
34,39,OH,Ohio,716,1251,50843
34,40,OK,Oklahoma,127,215,5986
34,41,OR,Oregon,150,267,9745
34,42,PA,Pennsylvania,9395,15610,559487
34,44,RI,Rhode Island,247,400,13628
34,45,SC,South Carolina,714,1273,28896
34,46,SD,South Dakota,35,53,1429
34,47,TN,Tennessee,380,705,17397
34,48,TX,Texas,2624,5543,190998
34,49,UT,Utah,129,293,10677
34,50,VT,Vermont,130,187,7379
34,51,VA,Virginia,1658,2860,100956
34,53,WA,Washington,413,758,30514
34,54,WV,West Virginia,134,222,5410
34,55,WI,Wisconsin,194,349,17080
34,56,WY,Wyoming,26,53,1069
35,1,AL,Alabama,122,232,6285
35,2,AK,Alaska,135,276,7880
35,4,AZ,Arizona,2609,5913,89268
35,5,AR,Arkansas,129,244,5502
35,6,CA,California,2030,3689,110645
35,8,CO,Colorado,1635,3170,82398
35,9,CT,Connecticut,98,151,5836
35,10,DE,Delaware,19,33,1002
35,11,DC,District Of Columbia,52,68,5972
35,12,FL,Florida,796,1402,38966
35,13,GA,Georgia,285,587,16767
35,15,HI,Hawaii,152,265,6354
35,16,ID,Idaho,127,297,6448
35,17,IL,Illinois,372,621,21461
35,18,IN,Indiana,179,317,9094
35,19,IA,Iowa,123,245,4378
35,20,KS,Kansas,238,525,11053
35,21,KY,Kentucky,104,172,3381
35,22,LA,Louisiana,167,305,8330
35,23,ME,Maine,51,86,2532
35,24,MD,Maryland,200,366,16252
35,25,MA,Massachusetts,158,229,8502
35,26,MI,Michigan,232,418,11594
35,27,MN,Minnesota,176,274,9348
35,28,MS,Mississippi,83,150,4722
35,29,MO,Missouri,290,569,13496
35,30,MT,Montana,107,172,5473
35,31,NE,Nebraska,102,192,4747
35,32,NV,Nevada,419,868,21182
35,33,NH,New Hampshire,47,68,1918
35,34,NJ,New Jersey,120,180,6721
35,35,NM,NM Non-migrants,711555,1528166,0
35,36,NY,New York,427,647,37185
35,37,NC,North Carolina,292,513,12983
35,38,ND,North Dakota,80,180,4289
35,39,OH,Ohio,266,432,13020
35,40,OK,Oklahoma,433,901,17418
35,41,OR,Oregon,285,466,12524
35,42,PA,Pennsylvania,254,412,10822
35,44,RI,Rhode Island,24,34,1434
35,45,SC,South Carolina,110,199,5545
35,46,SD,South Dakota,102,187,4342
35,47,TN,Tennessee,219,402,9806
35,48,TX,Texas,5010,10420,224591
35,49,UT,Utah,324,669,13709
35,50,VT,Vermont,27,56,1694
35,51,VA,Virginia,324,598,24019
35,53,WA,Washington,449,804,28459
35,54,WV,West Virginia,40,72,1672
35,55,WI,Wisconsin,170,304,12456
35,56,WY,Wyoming,128,249,7316
36,1,AL,Alabama,609,1057,24306
36,2,AK,Alaska,263,443,10023
36,4,AZ,Arizona,1395,2201,78972
36,5,AR,Arkansas,297,466,10562
36,6,CA,California,10759,15092,1032711
36,8,CO,Colorado,1402,2057,84079
36,9,CT,Connecticut,6706,10189,671497
36,10,DE,Delaware,552,849,48777
36,11,DC,District Of Columbia,1455,1739,123317
36,12,FL,Florida,14014,22123,1320129
36,13,GA,Georgia,3557,6173,159906
36,15,HI,Hawaii,567,966,25517
36,16,ID,Idaho,146,250,6365
36,17,IL,Illinois,3078,4329,239956
36,18,IN,Indiana,845,1317,39119
36,19,IA,Iowa,307,513,12175
36,20,KS,Kansas,446,770,20749
36,21,KY,Kentucky,603,1039,26740
36,22,LA,Louisiana,757,1195,30206
36,23,ME,Maine,586,853,34643
36,24,MD,Maryland,4111,6947,195107
36,25,MA,Massachusetts,5911,8004,415491
36,26,MI,Michigan,1616,2392,87122
36,27,MN,Minnesota,867,1211,53167
36,28,MS,Mississippi,320,557,30741
36,29,MO,Missouri,816,1240,70365
36,30,MT,Montana,143,186,5720
36,31,NE,Nebraska,206,287,8150
36,32,NV,Nevada,678,1058,34180
36,33,NH,New Hampshire,738,1027,39075
36,34,NJ,New Jersey,19562,30363,1538981
36,35,NM,New Mexico,388,612,16712
36,36,NY,NY Non-migrants,7522592,15210935,0
36,37,NC,North Carolina,4520,7721,215455
36,38,ND,North Dakota,128,202,5619
36,39,OH,Ohio,2326,3521,111105
36,40,OK,Oklahoma,462,777,18170
36,41,OR,Oregon,639,879,42458
36,42,PA,Pennsylvania,9103,14750,472157
36,44,RI,Rhode Island,777,1164,33892
36,45,SC,South Carolina,2113,3357,71771
36,46,SD,South Dakota,93,150,3641
36,47,TN,Tennessee,1195,1976,53397
36,48,TX,Texas,6782,11801,323398
36,49,UT,Utah,437,744,23084
36,50,VT,Vermont,906,1274,37003
36,51,VA,Virginia,4311,6831,265536
36,53,WA,Washington,1476,2258,98069
36,54,WV,West Virginia,271,452,9120
36,55,WI,Wisconsin,730,1088,34806
36,56,WY,Wyoming,81,128,3916
37,1,AL,Alabama,1214,2296,56031
37,2,AK,Alaska,410,847,16821
37,4,AZ,Arizona,1120,2169,57409
37,5,AR,Arkansas,403,815,19772
37,6,CA,California,4854,9435,307171
37,8,CO,Colorado,1234,2420,69422
37,9,CT,Connecticut,1438,2641,101998
37,10,DE,Delaware,400,761,24335
37,11,DC,District Of Columbia,467,692,29088
37,12,FL,Florida,9402,17093,459901
37,13,GA,Georgia,5716,11055,274472
37,15,HI,Hawaii,463,981,20011
37,16,ID,Idaho,184,329,8259
37,17,IL,Illinois,2100,3968,169233
37,18,IN,Indiana,1199,2190,61700
37,19,IA,Iowa,471,848,31649
37,20,KS,Kansas,535,1126,29819
37,21,KY,Kentucky,1029,2005,46704
37,22,LA,Louisiana,798,1537,38453
37,23,ME,Maine,383,678,23454
37,24,MD,Maryland,3086,5817,180171
37,25,MA,Massachusetts,1605,2883,111781
37,26,MI,Michigan,1851,3294,95255
37,27,MN,Minnesota,677,1308,46869
37,28,MS,Mississippi,567,1114,23551
37,29,MO,Missouri,900,1684,46575
37,30,MT,Montana,151,260,7432
37,31,NE,Nebraska,228,437,11107
37,32,NV,Nevada,461,859,20691
37,33,NH,New Hampshire,481,865,276590
37,34,NJ,New Jersey,3464,6614,232584
37,35,NM,New Mexico,308,589,16053
37,36,NY,New York,7788,14332,413128
37,37,NC,NC Non-migrants,3385275,7456503,0
37,38,ND,North Dakota,121,234,7163
37,39,OH,Ohio,3026,5404,165693
37,40,OK,Oklahoma,580,1194,26621
37,41,OR,Oregon,416,733,20488
37,42,PA,Pennsylvania,3764,6775,209115
37,44,RI,Rhode Island,293,526,13895
37,45,SC,South Carolina,8791,16289,420420
37,46,SD,South Dakota,115,219,4548
37,47,TN,Tennessee,2736,5018,135258
37,48,TX,Texas,5583,11554,288030
37,49,UT,Utah,300,610,13236
37,50,VT,Vermont,267,459,14270
37,51,VA,Virginia,9121,17087,476700
37,53,WA,Washington,1123,2201,59951
37,54,WV,West Virginia,1030,1906,43577
37,55,WI,Wisconsin,820,1562,47743
37,56,WY,Wyoming,119,215,5881
38,1,AL,Alabama,88,171,4348
38,2,AK,Alaska,87,164,5608
38,4,AZ,Arizona,481,904,24654
38,5,AR,Arkansas,104,200,5054
38,6,CA,California,880,1585,38059
38,8,CO,Colorado,513,972,30146
38,9,CT,Connecticut,38,51,1132
38,10,DE,Delaware,11,24,379
38,11,DC,District Of Columbia,-1,-1,0
38,12,FL,Florida,527,958,21375
38,13,GA,Georgia,318,659,16349
38,15,HI,Hawaii,42,84,1602
38,16,ID,Idaho,438,902,25420
38,17,IL,Illinois,290,521,14332
38,18,IN,Indiana,142,264,6207
38,19,IA,Iowa,196,330,7781
38,20,KS,Kansas,147,260,6876
38,21,KY,Kentucky,91,163,4344
38,22,LA,Louisiana,120,252,7269
38,23,ME,Maine,54,104,1982
38,24,MD,Maryland,88,151,3412
38,25,MA,Massachusetts,52,92,1947
38,26,MI,Michigan,485,795,21235
38,27,MN,Minnesota,3364,5200,166208
38,28,MS,Mississippi,86,181,4581
38,29,MO,Missouri,229,470,12023
38,30,MT,Montana,725,1308,42802
38,31,NE,Nebraska,174,323,8905
38,32,NV,Nevada,206,432,13624
38,33,NH,New Hampshire,23,36,861
38,34,NJ,New Jersey,112,201,3819
38,35,NM,New Mexico,107,208,5616
38,36,NY,New York,215,311,8693
38,37,NC,North Carolina,232,421,9408
38,38,ND,ND Non-migrants,283016,585612,0
38,39,OH,Ohio,201,345,7695
38,40,OK,Oklahoma,128,236,6457
38,41,OR,Oregon,283,505,14694
38,42,PA,Pennsylvania,247,456,8907
38,44,RI,Rhode Island,16,22,624
38,45,SC,South Carolina,83,149,3327
38,46,SD,South Dakota,631,1163,30881
38,47,TN,Tennessee,158,304,8950
38,48,TX,Texas,709,1388,36722
38,49,UT,Utah,277,663,16085
38,50,VT,Vermont,-1,-1,0
38,51,VA,Virginia,165,294,7593
38,53,WA,Washington,528,971,26110
38,54,WV,West Virginia,21,29,837
38,55,WI,Wisconsin,360,524,16121
38,56,WY,Wyoming,219,435,11664
39,1,AL,Alabama,593,1179,23837
39,2,AK,Alaska,174,313,7491
39,4,AZ,Arizona,1078,1912,54339
39,5,AR,Arkansas,289,588,17136
39,6,CA,California,2808,4857,176069
39,8,CO,Colorado,854,1459,42909
39,9,CT,Connecticut,370,683,26710
39,10,DE,Delaware,150,246,7531
39,11,DC,District Of Columbia,196,268,13118
39,12,FL,Florida,5450,9355,230807
39,13,GA,Georgia,1967,3853,83951
39,15,HI,Hawaii,232,419,9620
39,16,ID,Idaho,126,259,6116
39,17,IL,Illinois,2324,4199,151948
39,18,IN,Indiana,3243,5786,143151
39,19,IA,Iowa,327,642,19110
39,20,KS,Kansas,369,744,18795
39,21,KY,Kentucky,4330,7902,181616
39,22,LA,Louisiana,410,773,19001
39,23,ME,Maine,131,230,5492
39,24,MD,Maryland,949,1708,53963
39,25,MA,Massachusetts,646,1132,41421
39,26,MI,Michigan,3808,6457,176666
39,27,MN,Minnesota,471,842,28517
39,28,MS,Mississippi,307,587,11145
39,29,MO,Missouri,750,1343,37492
39,30,MT,Montana,121,194,4402
39,31,NE,Nebraska,218,427,16132
39,32,NV,Nevada,465,819,19433
39,33,NH,New Hampshire,156,275,9426
39,34,NJ,New Jersey,900,1704,58444
39,35,NM,New Mexico,225,421,11525
39,36,NY,New York,2613,4641,128470
39,37,NC,North Carolina,2186,4104,110142
39,38,ND,North Dakota,145,249,5869
39,39,OH,OH Non-migrants,4407336,9055218,0
39,40,OK,Oklahoma,386,757,16191
39,41,OR,Oregon,263,457,15137
39,42,PA,Pennsylvania,3892,6484,186580
39,44,RI,Rhode Island,116,223,5873
39,45,SC,South Carolina,1059,1992,43961
39,46,SD,South Dakota,112,214,5318
39,47,TN,Tennessee,1509,2942,62510
39,48,TX,Texas,4005,7936,185916
39,49,UT,Utah,246,488,8190
39,50,VT,Vermont,72,108,2383
39,51,VA,Virginia,1706,3153,90674
39,53,WA,Washington,690,1246,42605
39,54,WV,West Virginia,2377,4375,87915
39,55,WI,Wisconsin,624,1125,33714
39,56,WY,Wyoming,75,140,488
40,1,AL,Alabama,335,675,15080
40,2,AK,Alaska,182,372,10976
40,4,AZ,Arizona,714,1436,31630
40,5,AR,Arkansas,2110,4524,80682
40,6,CA,California,2199,4300,80912
40,8,CO,Colorado,1011,2027,50114
40,9,CT,Connecticut,76,153,4363
40,10,DE,Delaware,28,54,1439
40,11,DC,District Of Columbia,33,46,2134
40,12,FL,Florida,1271,2394,49945
40,13,GA,Georgia,619,1295,24147
40,15,HI,Hawaii,206,441,8077
40,16,ID,Idaho,114,229,3998
40,17,IL,Illinois,653,1290,40096
40,18,IN,Indiana,318,618,12820
40,19,IA,Iowa,268,510,11352
40,20,KS,Kansas,2010,4212,90094
40,21,KY,Kentucky,235,525,9169
40,22,LA,Louisiana,513,1055,27244
40,23,ME,Maine,43,71,1716
40,24,MD,Maryland,197,383,10239
40,25,MA,Massachusetts,145,228,6918
40,26,MI,Michigan,370,687,15042
40,27,MN,Minnesota,223,428,14186
40,28,MS,Mississippi,297,672,12055
40,29,MO,Missouri,1440,2916,34536
40,30,MT,Montana,104,211,4567
40,31,NE,Nebraska,213,398,9563
40,32,NV,Nevada,328,614,13260
40,33,NH,New Hampshire,56,96,2596
40,34,NJ,New Jersey,158,287,9391
40,35,NM,New Mexico,537,1112,25663
40,36,NY,New York,522,973,21940
40,37,NC,North Carolina,573,1216,23439
40,38,ND,North Dakota,158,332,8708
40,39,OH,Ohio,390,754,17760
40,40,OK,OK Non-migrants,1251228,2808515,0
40,41,OR,Oregon,185,372,8583
40,42,PA,Pennsylvania,378,702,20706
40,44,RI,Rhode Island,22,47,964
40,45,SC,South Carolina,233,464,9434
40,46,SD,South Dakota,104,194,4207
40,47,TN,Tennessee,500,993,20305
40,48,TX,Texas,8082,16446,435581
40,49,UT,Utah,215,511,8548
40,50,VT,Vermont,19,27,574
40,51,VA,Virginia,496,951,24688
40,53,WA,Washington,513,1084,22303
40,54,WV,West Virginia,87,181,6530
40,55,WI,Wisconsin,194,383,9592
40,56,WY,Wyoming,144,329,7780
41,1,AL,Alabama,138,260,5595
41,2,AK,Alaska,761,1241,38976
41,4,AZ,Arizona,2004,3591,95938
41,5,AR,Arkansas,173,300,6346
41,6,CA,California,11621,20178,664130
41,8,CO,Colorado,1303,2142,67135
41,9,CT,Connecticut,178,255,8885
41,10,DE,Delaware,35,55,2341
41,11,DC,District Of Columbia,117,161,8769
41,12,FL,Florida,1141,1759,46097
41,13,GA,Georgia,502,876,26122
41,15,HI,Hawaii,758,1265,28438
41,16,ID,Idaho,1475,2895,52784
41,17,IL,Illinois,801,1209,46627
41,18,IN,Indiana,288,454,12805
41,19,IA,Iowa,231,395,9873
41,20,KS,Kansas,291,509,12695
41,21,KY,Kentucky,175,304,7346
41,22,LA,Louisiana,222,355,9174
41,23,ME,Maine,95,139,2914
41,24,MD,Maryland,245,355,15887
41,25,MA,Massachusetts,460,672,30740
41,26,MI,Michigan,514,791,23187
41,27,MN,Minnesota,511,770,28244
41,28,MS,Mississippi,93,168,8345
41,29,MO,Missouri,403,682,16537
41,30,MT,Montana,617,981,22489
41,31,NE,Nebraska,182,316,6538
41,32,NV,Nevada,1189,2148,52289
41,33,NH,New Hampshire,116,169,5057
41,34,NJ,New Jersey,286,460,27902
41,35,NM,New Mexico,475,856,26338
41,36,NY,New York,1040,1483,63785
41,37,NC,North Carolina,551,909,27200
41,38,ND,North Dakota,220,357,9274
41,39,OH,Ohio,507,746,26287
41,40,OK,Oklahoma,302,560,12608
41,41,OR,OR Non-migrants,1413621,2971054,0
41,42,PA,Pennsylvania,480,714,23755
41,44,RI,Rhode Island,64,97,4189
41,45,SC,South Carolina,222,383,10633
41,46,SD,South Dakota,132,225,5923
41,47,TN,Tennessee,374,608,15380
41,48,TX,Texas,2001,3654,112218
41,49,UT,Utah,783,1497,32828
41,50,VT,Vermont,120,184,6109
41,51,VA,Virginia,500,830,31442
41,53,WA,Washington,8432,15039,402645
41,54,WV,West Virginia,66,109,3668
41,55,WI,Wisconsin,429,664,23274
41,56,WY,Wyoming,233,440,10265
42,1,AL,Alabama,362,722,17173
42,2,AK,Alaska,159,280,7676
42,4,AZ,Arizona,848,1468,40313
42,5,AR,Arkansas,203,349,12371
42,6,CA,California,3198,5230,256309
42,8,CO,Colorado,823,1344,41544
42,9,CT,Connecticut,1008,1693,81793
42,10,DE,Delaware,2401,4262,169750
42,11,DC,District Of Columbia,468,617,35381
42,12,FL,Florida,5690,9671,277730
42,13,GA,Georgia,1604,3041,71829
42,15,HI,Hawaii,272,475,11113
42,16,ID,Idaho,112,206,5587
42,17,IL,Illinois,1271,2204,120300
42,18,IN,Indiana,574,1040,31293
42,19,IA,Iowa,187,345,10821
42,20,KS,Kansas,255,479,12296
42,21,KY,Kentucky,432,837,34612
42,22,LA,Louisiana,388,708,20699
42,23,ME,Maine,261,399,15136
42,24,MD,Maryland,5395,9371,310416
42,25,MA,Massachusetts,1492,2349,115236
42,26,MI,Michigan,939,1650,64913
42,27,MN,Minnesota,417,700,29243
42,28,MS,Mississippi,211,435,7559
42,29,MO,Missouri,453,818,35800
42,30,MT,Montana,95,149,4004
42,31,NE,Nebraska,144,233,5890
42,32,NV,Nevada,404,688,36222
42,33,NH,New Hampshire,265,431,13825
42,34,NJ,New Jersey,11846,20147,894385
42,35,NM,New Mexico,222,379,11469
42,36,NY,New York,11063,20049,567441
42,37,NC,North Carolina,2498,4484,119837
42,38,ND,North Dakota,99,172,6170
42,39,OH,Ohio,3159,5405,162189
42,40,OK,Oklahoma,300,523,15745
42,41,OR,Oregon,295,467,18034
42,42,PA,PA Non-migrants,4921106,10126840,0
42,44,RI,Rhode Island,279,452,14005
42,45,SC,South Carolina,1130,1958,46534
42,46,SD,South Dakota,73,126,3912
42,47,TN,Tennessee,739,1330,34817
42,48,TX,Texas,3670,7013,180652
42,49,UT,Utah,232,467,11360
42,50,VT,Vermont,183,277,9403
42,51,VA,Virginia,3217,5546,197631
42,53,WA,Washington,622,1081,38981
42,54,WV,West Virginia,1306,2268,70519
42,55,WI,Wisconsin,377,658,20795
42,56,WY,Wyoming,103,172,5139
44,1,AL,Alabama,46,100,2242
44,2,AK,Alaska,13,22,556
44,4,AZ,Arizona,72,126,3366
44,5,AR,Arkansas,22,50,1067
44,6,CA,California,406,711,23637
44,8,CO,Colorado,75,113,3473
44,9,CT,Connecticut,940,1458,56552
44,10,DE,Delaware,24,36,1042
44,11,DC,District Of Columbia,43,61,3085
44,12,FL,Florida,876,1492,39588
44,13,GA,Georgia,111,202,4890
44,15,HI,Hawaii,48,99,2689
44,16,ID,Idaho,-1,-1,0
44,17,IL,Illinois,114,170,8386
44,18,IN,Indiana,35,58,2810
44,19,IA,Iowa,17,32,887
44,20,KS,Kansas,36,85,2473
44,21,KY,Kentucky,40,85,1891
44,22,LA,Louisiana,35,56,1661
44,23,ME,Maine,136,204,6899
44,24,MD,Maryland,131,222,9132
44,25,MA,Massachusetts,3350,5404,193678
44,26,MI,Michigan,49,72,2846
44,27,MN,Minnesota,51,74,2995
44,28,MS,Mississippi,17,43,812
44,29,MO,Missouri,35,57,2576
44,30,MT,Montana,-1,-1,0
44,31,NE,Nebraska,18,32,1115
44,32,NV,Nevada,32,51,1442
44,33,NH,New Hampshire,221,330,13851
44,34,NJ,New Jersey,321,563,19130
44,35,NM,New Mexico,11,18,589
44,36,NY,New York,900,1494,250743
44,37,NC,North Carolina,198,340,8322
44,38,ND,North Dakota,-1,-1,0
44,39,OH,Ohio,83,132,5457
44,40,OK,Oklahoma,30,58,3360
44,41,OR,Oregon,24,32,1062
44,42,PA,Pennsylvania,233,393,12847
44,44,RI,RI Non-migrants,409163,808142,0
44,45,SC,South Carolina,101,161,3967
44,46,SD,South Dakota,-1,-1,0
44,47,TN,Tennessee,63,115,3274
44,48,TX,Texas,304,518,19107
44,49,UT,Utah,22,40,922
44,50,VT,Vermont,72,97,3137
44,51,VA,Virginia,273,527,16903
44,53,WA,Washington,74,155,4741
44,54,WV,West Virginia,14,18,376
44,55,WI,Wisconsin,54,95,5007
44,56,WY,Wyoming,-1,-1,0
45,1,AL,Alabama,669,1313,14230
45,2,AK,Alaska,159,316,6910
45,4,AZ,Arizona,451,877,24557
45,5,AR,Arkansas,205,416,9821
45,6,CA,California,1632,2978,110849
45,8,CO,Colorado,529,998,26501
45,9,CT,Connecticut,895,1650,86558
45,10,DE,Delaware,157,275,8880
45,11,DC,District Of Columbia,143,223,11146
45,12,FL,Florida,4229,7697,199287
45,13,GA,Georgia,5698,11261,300581
45,15,HI,Hawaii,231,528,11384
45,16,ID,Idaho,74,133,3380
45,17,IL,Illinois,947,1795,82253
45,18,IN,Indiana,696,1348,40878
45,19,IA,Iowa,186,342,10118
45,20,KS,Kansas,238,497,12921
45,21,KY,Kentucky,607,1214,32330
45,22,LA,Louisiana,354,702,17367
45,23,ME,Maine,210,358,10536
45,24,MD,Maryland,1363,2386,87728
45,25,MA,Massachusetts,840,1388,63650
45,26,MI,Michigan,895,1665,57587
45,27,MN,Minnesota,243,450,15195
45,28,MS,Mississippi,294,593,15672
45,29,MO,Missouri,435,900,25410
45,30,MT,Montana,63,109,3755
45,31,NE,Nebraska,116,221,5707
45,32,NV,Nevada,221,414,11256
45,33,NH,New Hampshire,277,445,17091
45,34,NJ,New Jersey,1699,3143,122386
45,35,NM,New Mexico,153,294,9023
45,36,NY,New York,3175,5635,189191
45,37,NC,North Carolina,10410,20144,556239
45,38,ND,North Dakota,62,108,2562
45,39,OH,Ohio,1725,3124,110596
45,40,OK,Oklahoma,301,617,12419
45,41,OR,Oregon,144,248,5896
45,42,PA,Pennsylvania,2038,3599,151451
45,44,RI,Rhode Island,184,336,9806
45,45,SC,SC Non-migrants,1635884,3554356,0
45,46,SD,South Dakota,55,93,2337
45,47,TN,Tennessee,1357,2526,78670
45,48,TX,Texas,2666,5324,152065
45,49,UT,Utah,142,331,7260
45,50,VT,Vermont,148,230,16285
45,51,VA,Virginia,2633,4834,183577
45,53,WA,Washington,522,1055,31194
45,54,WV,West Virginia,553,1060,32269
45,55,WI,Wisconsin,329,608,21993
45,56,WY,Wyoming,63,114,1990
46,1,AL,Alabama,41,82,1558
46,2,AK,Alaska,65,117,3913
46,4,AZ,Arizona,371,638,22594
46,5,AR,Arkansas,63,113,3145
46,6,CA,California,573,1057,33792
46,8,CO,Colorado,498,866,29953
46,9,CT,Connecticut,40,65,2393
46,10,DE,Delaware,-1,-1,0
46,11,DC,District Of Columbia,17,20,1281
46,12,FL,Florida,287,493,14765
46,13,GA,Georgia,119,222,6631
46,15,HI,Hawaii,36,56,2061
46,16,ID,Idaho,65,128,3387
46,17,IL,Illinois,232,413,13610
46,18,IN,Indiana,111,228,6613
46,19,IA,Iowa,799,1370,43369
46,20,KS,Kansas,155,294,7681
46,21,KY,Kentucky,38,85,1478
46,22,LA,Louisiana,56,107,2625
46,23,ME,Maine,19,32,1058
46,24,MD,Maryland,54,93,3091
46,25,MA,Massachusetts,44,72,2361
46,26,MI,Michigan,138,262,8582
46,27,MN,Minnesota,1182,2107,78490
46,28,MS,Mississippi,30,63,1008
46,29,MO,Missouri,193,356,10402
46,30,MT,Montana,173,351,8717
46,31,NE,Nebraska,666,1171,37913
46,32,NV,Nevada,115,227,4915
46,33,NH,New Hampshire,15,31,1446
46,34,NJ,New Jersey,48,88,2913
46,35,NM,New Mexico,87,187,4884
46,36,NY,New York,112,185,6444
46,37,NC,North Carolina,155,279,7232
46,38,ND,North Dakota,504,954,29284
46,39,OH,Ohio,169,285,7929
46,40,OK,Oklahoma,97,179,4154
46,41,OR,Oregon,108,186,5241
46,42,PA,Pennsylvania,110,178,4992
46,44,RI,Rhode Island,-1,-1,0
46,45,SC,South Carolina,56,90,1399
46,46,SD,SD Non-migrants,319174,685345,0
46,47,TN,Tennessee,120,217,5517
46,48,TX,Texas,454,865,22453
46,49,UT,Utah,92,164,4629
46,50,VT,Vermont,-1,-1,0
46,51,VA,Virginia,134,254,8404
46,53,WA,Washington,209,381,10700
46,54,WV,West Virginia,21,36,552
46,55,WI,Wisconsin,191,323,9415
46,56,WY,Wyoming,304,547,13706
47,1,AL,Alabama,3116,5881,139622
47,2,AK,Alaska,205,417,10120
47,4,AZ,Arizona,710,1364,42456
47,5,AR,Arkansas,1481,2918,58908
47,6,CA,California,2922,5468,184086
47,8,CO,Colorado,831,1532,42417
47,9,CT,Connecticut,340,642,30955
47,10,DE,Delaware,110,224,4817
47,11,DC,District Of Columbia,139,194,11735
47,12,FL,Florida,5501,10211,273693
47,13,GA,Georgia,5288,10106,276911
47,15,HI,Hawaii,249,510,12326
47,16,ID,Idaho,115,241,7736
47,17,IL,Illinois,2424,4423,151879
47,18,IN,Indiana,1605,3007,80929
47,19,IA,Iowa,323,603,16922
47,20,KS,Kansas,427,852,26389
47,21,KY,Kentucky,4137,8506,163471
47,22,LA,Louisiana,830,1551,41201
47,23,ME,Maine,139,236,6078
47,24,MD,Maryland,743,1355,46575
47,25,MA,Massachusetts,479,782,31892
47,26,MI,Michigan,1780,3247,84679
47,27,MN,Minnesota,429,751,25945
47,28,MS,Mississippi,4201,8324,161433
47,29,MO,Missouri,1146,2199,55358
47,30,MT,Montana,98,187,5828
47,31,NE,Nebraska,192,350,17539
47,32,NV,Nevada,348,628,19425
47,33,NH,New Hampshire,150,256,7659
47,34,NJ,New Jersey,669,1252,34988
47,35,NM,New Mexico,211,410,17479
47,36,NY,New York,1806,3192,101817
47,37,NC,North Carolina,2874,5519,144770
47,38,ND,North Dakota,95,177,4623
47,39,OH,Ohio,2092,3785,122906
47,40,OK,Oklahoma,506,1051,21160
47,41,OR,Oregon,264,458,10761
47,42,PA,Pennsylvania,1125,1956,68168
47,44,RI,Rhode Island,85,140,4110
47,45,SC,South Carolina,1255,2398,65013
47,46,SD,South Dakota,92,169,4948
47,47,TN,TN Non-migrants,2284202,4979878,0
47,48,TX,Texas,4805,9611,259839
47,49,UT,Utah,200,421,11857
47,50,VT,Vermont,77,128,3128
47,51,VA,Virginia,2689,4938,128092
47,53,WA,Washington,637,1246,33750
47,54,WV,West Virginia,367,755,15807
47,55,WI,Wisconsin,726,1305,31102
47,56,WY,Wyoming,88,158,27340
48,1,AL,Alabama,3674,7397,154428
48,2,AK,Alaska,1103,2232,75267
48,4,AZ,Arizona,6523,13582,422295
48,5,AR,Arkansas,5177,10247,246150
48,6,CA,California,25288,50924,1804603
48,8,CO,Colorado,6641,13360,463370
48,9,CT,Connecticut,1596,3089,156229
48,10,DE,Delaware,507,958,28563
48,11,DC,District Of Columbia,681,1023,53534
48,12,FL,Florida,21446,39133,902345
48,13,GA,Georgia,9892,20532,468073
48,15,HI,Hawaii,1645,3667,76778
48,16,ID,Idaho,910,1912,70743
48,17,IL,Illinois,8882,17732,777679
48,18,IN,Indiana,3298,6420,153817
48,19,IA,Iowa,1582,2973,80427
48,20,KS,Kansas,3610,7465,434780
48,21,KY,Kentucky,2149,4520,107714
48,22,LA,Louisiana,11260,22498,615501
48,23,ME,Maine,466,800,20435
48,24,MD,Maryland,3527,6748,216115
48,25,MA,Massachusetts,2465,4330,168855
48,26,MI,Michigan,5179,9934,173869
48,27,MN,Minnesota,2562,4985,178757
48,28,MS,Mississippi,3882,8020,169392
48,29,MO,Missouri,5088,9739,272385
48,30,MT,Montana,573,1085,34536
48,31,NE,Nebraska,1499,2997,119181
48,32,NV,Nevada,2885,5575,172287
48,33,NH,New Hampshire,466,796,33418
48,34,NJ,New Jersey,4154,8431,340860
48,35,NM,New Mexico,6127,12879,332556
48,36,NY,New York,9655,17717,694641
48,37,NC,North Carolina,6266,12931,341251
48,38,ND,North Dakota,703,1425,45831
48,39,OH,Ohio,4857,9196,348313
48,40,OK,Oklahoma,8611,16998,525317
48,41,OR,Oregon,1743,3182,87884
48,42,PA,Pennsylvania,4606,8509,279628
48,44,RI,Rhode Island,427,754,31410
48,45,SC,South Carolina,2380,4673,126632
48,46,SD,South Dakota,592,1073,23822
48,47,TN,Tennessee,4819,9527,233841
48,48,TX,TX Non-migrants,9048226,20811746,0
48,49,UT,Utah,1850,4334,127767
48,50,VT,Vermont,204,354,13070
48,51,VA,Virginia,6121,12482,469601
48,53,WA,Washington,4236,8484,255431
48,54,WV,West Virginia,622,1120,34263
48,55,WI,Wisconsin,2633,5092,136447
48,56,WY,Wyoming,796,1454,46316
49,1,AL,Alabama,120,249,5234
49,2,AK,Alaska,199,402,11185
49,4,AZ,Arizona,1800,4016,87897
49,5,AR,Arkansas,122,255,6226
49,6,CA,California,4330,8902,251675
49,8,CO,Colorado,1257,2525,59533
49,9,CT,Connecticut,108,188,9500
49,10,DE,Delaware,32,64,2273
49,11,DC,District Of Columbia,36,63,3462
49,12,FL,Florida,729,1417,36794
49,13,GA,Georgia,355,733,17437
49,15,HI,Hawaii,397,943,17749
49,16,ID,Idaho,1913,4009,78373
49,17,IL,Illinois,421,802,26738
49,18,IN,Indiana,175,323,7564
49,19,IA,Iowa,129,255,5514
49,20,KS,Kansas,159,333,8257
49,21,KY,Kentucky,111,244,5950
49,22,LA,Louisiana,126,244,6459
49,23,ME,Maine,70,105,3072
49,24,MD,Maryland,201,378,19959
49,25,MA,Massachusetts,195,325,15577
49,26,MI,Michigan,291,529,11314
49,27,MN,Minnesota,245,435,13857
49,28,MS,Mississippi,63,135,2566
49,29,MO,Missouri,264,543,18426
49,30,MT,Montana,323,581,14991
49,31,NE,Nebraska,146,317,8306
49,32,NV,Nevada,1642,3470,75875
49,33,NH,New Hampshire,88,144,4730
49,34,NJ,New Jersey,184,336,33555
49,35,NM,New Mexico,459,1014,18443
49,36,NY,New York,452,749,25133
49,37,NC,North Carolina,314,621,14659
49,38,ND,North Dakota,200,465,11881
49,39,OH,Ohio,314,567,16526
49,40,OK,Oklahoma,158,331,11977
49,41,OR,Oregon,655,1214,28844
49,42,PA,Pennsylvania,277,480,16608
49,44,RI,Rhode Island,40,69,2095
49,45,SC,South Carolina,137,255,7449
49,46,SD,South Dakota,96,184,4996
49,47,TN,Tennessee,219,443,10303
49,48,TX,Texas,1549,3385,88448
49,49,UT,UT Non-migrants,929882,2420651,0
49,50,VT,Vermont,57,76,5103
49,51,VA,Virginia,434,869,39303
49,53,WA,Washington,1146,2380,59362
49,54,WV,West Virginia,44,96,2149
49,55,WI,Wisconsin,201,355,12625
49,56,WY,Wyoming,645,1385,29129
50,1,AL,Alabama,25,38,1023
50,2,AK,Alaska,25,45,1122
50,4,AZ,Arizona,68,112,7968
50,5,AR,Arkansas,17,21,461
50,6,CA,California,290,448,29760
50,8,CO,Colorado,144,206,4990
50,9,CT,Connecticut,399,591,30087
50,10,DE,Delaware,18,24,913
50,11,DC,District Of Columbia,40,56,5223
50,12,FL,Florida,383,595,18170
50,13,GA,Georgia,99,180,5977
50,15,HI,Hawaii,19,31,319
50,16,ID,Idaho,16,23,862
50,17,IL,Illinois,89,138,7504
50,18,IN,Indiana,27,32,749
50,19,IA,Iowa,14,21,1184
50,20,KS,Kansas,15,21,813
50,21,KY,Kentucky,32,51,1736
50,22,LA,Louisiana,21,33,1283
50,23,ME,Maine,200,285,7878
50,24,MD,Maryland,95,156,9025
50,25,MA,Massachusetts,859,1227,54238
50,26,MI,Michigan,60,111,3374
50,27,MN,Minnesota,42,67,1643
50,28,MS,Mississippi,15,25,402
50,29,MO,Missouri,32,46,1535
50,30,MT,Montana,32,43,948
50,31,NE,Nebraska,13,22,1031
50,32,NV,Nevada,28,35,1056
50,33,NH,New Hampshire,976,1526,39522
50,34,NJ,New Jersey,227,357,18575
50,35,NM,New Mexico,38,52,1722
50,36,NY,New York,1072,1576,55815
50,37,NC,North Carolina,148,252,7309
50,38,ND,North Dakota,-1,-1,0
50,39,OH,Ohio,92,137,3788
50,40,OK,Oklahoma,21,33,1587
50,41,OR,Oregon,52,65,1323
50,42,PA,Pennsylvania,207,307,7934
50,44,RI,Rhode Island,79,118,4233
50,45,SC,South Carolina,76,126,3289
50,46,SD,South Dakota,-1,-1,0
50,47,TN,Tennessee,66,112,2431
50,48,TX,Texas,165,258,7002
50,49,UT,Utah,37,46,1071
50,50,VT,VT Non-migrants,260357,504414,0
50,51,VA,Virginia,166,284,10469
50,53,WA,Washington,69,103,3107
50,54,WV,West Virginia,13,24,740
50,55,WI,Wisconsin,37,55,1654
50,56,WY,Wyoming,19,24,665
51,1,AL,Alabama,828,1610,46498
51,2,AK,Alaska,273,535,15598
51,4,AZ,Arizona,1001,1873,55148
51,5,AR,Arkansas,348,648,23316
51,6,CA,California,5184,9727,372849
51,8,CO,Colorado,1136,2113,71808
51,9,CT,Connecticut,974,1716,87793
51,10,DE,Delaware,496,840,27742
51,11,DC,District Of Columbia,3714,5634,341372
51,12,FL,Florida,6648,11999,407508
51,13,GA,Georgia,3132,5921,159742
51,15,HI,Hawaii,755,1678,42944
51,16,ID,Idaho,195,377,9762
51,17,IL,Illinois,1794,3198,115643
51,18,IN,Indiana,789,1450,44942
51,19,IA,Iowa,279,500,13966
51,20,KS,Kansas,404,776,20722
51,21,KY,Kentucky,806,1583,38393
51,22,LA,Louisiana,659,1245,34884
51,23,ME,Maine,317,549,15363
51,24,MD,Maryland,11758,21117,654965
51,25,MA,Massachusetts,1304,2087,92765
51,26,MI,Michigan,1247,2141,65409
51,27,MN,Minnesota,550,946,41569
51,28,MS,Mississippi,547,1033,23219
51,29,MO,Missouri,732,1337,36268
51,30,MT,Montana,123,216,5862
51,31,NE,Nebraska,204,352,10634
51,32,NV,Nevada,476,908,36063
51,33,NH,New Hampshire,352,571,19759
51,34,NJ,New Jersey,2765,4887,192249
51,35,NM,New Mexico,325,637,20900
51,36,NY,New York,5440,9317,303542
51,37,NC,North Carolina,7601,14316,330047
51,38,ND,North Dakota,103,191,5213
51,39,OH,Ohio,1958,3373,104474
51,40,OK,Oklahoma,454,910,23894
51,41,OR,Oregon,330,529,15758
51,42,PA,Pennsylvania,4103,6742,238250
51,44,RI,Rhode Island,306,582,18427
51,45,SC,South Carolina,1972,3634,92804
51,46,SD,South Dakota,107,190,6163
51,47,TN,Tennessee,2100,3977,110472
51,48,TX,Texas,4937,9622,276984
51,49,UT,Utah,391,786,20895
51,50,VT,Vermont,179,298,8425
51,51,VA,VA Non-migrants,2964636,6368598,0
51,53,WA,Washington,1200,2429,70619
51,54,WV,West Virginia,1937,3461,76032
51,55,WI,Wisconsin,526,879,26767
51,56,WY,Wyoming,85,140,4627
53,1,AL,Alabama,413,747,18448
53,2,AK,Alaska,1712,3037,92567
53,4,AZ,Arizona,3432,6174,164450
53,5,AR,Arkansas,361,692,21196
53,6,CA,California,15010,27516,1065234
53,8,CO,Colorado,2154,3710,127938
53,9,CT,Connecticut,457,763,31061
53,10,DE,Delaware,89,159,5033
53,11,DC,District Of Columbia,252,343,18328
53,12,FL,Florida,2903,4971,147182
53,13,GA,Georgia,1416,2839,71958
53,15,HI,Hawaii,1683,3243,77309
53,16,ID,Idaho,3364,6184,143058
53,17,IL,Illinois,1823,2917,122292
53,18,IN,Indiana,586,1020,43864
53,19,IA,Iowa,412,688,21492
53,20,KS,Kansas,590,1134,32040
53,21,KY,Kentucky,430,787,20669
53,22,LA,Louisiana,472,885,20897
53,23,ME,Maine,163,244,7945
53,24,MD,Maryland,783,1321,51358
53,25,MA,Massachusetts,911,1349,75052
53,26,MI,Michigan,1079,1714,61127
53,27,MN,Minnesota,1039,1704,67743
53,28,MS,Mississippi,242,472,8877
53,29,MO,Missouri,870,1600,44301
53,30,MT,Montana,1324,2211,56286
53,31,NE,Nebraska,326,590,15457
53,32,NV,Nevada,1747,3226,95854
53,33,NH,New Hampshire,196,283,11142
53,34,NJ,New Jersey,792,1343,63530
53,35,NM,New Mexico,680,1180,36016
53,36,NY,New York,2145,3341,161676
53,37,NC,North Carolina,1355,2549,78363
53,38,ND,North Dakota,473,823,31623
53,39,OH,Ohio,1051,1731,58866
53,40,OK,Oklahoma,667,1306,30094
53,41,OR,Oregon,10019,19158,528749
53,42,PA,Pennsylvania,1038,1699,72129
53,44,RI,Rhode Island,127,201,6338
53,45,SC,South Carolina,695,1319,36158
53,46,SD,South Dakota,258,467,11325
53,47,TN,Tennessee,773,1396,38273
53,48,TX,Texas,4912,9354,288028
53,49,UT,Utah,1380,2834,73306
53,50,VT,Vermont,135,174,5582
53,51,VA,Virginia,1570,2947,114429
53,53,WA,WA Non-migrants,2615285,5612501,0
53,54,WV,West Virginia,113,175,4350
53,55,WI,Wisconsin,777,1336,42069
53,56,WY,Wyoming,332,582,15132
54,1,AL,Alabama,92,193,3784
54,2,AK,Alaska,32,60,1149
54,4,AZ,Arizona,103,190,5517
54,5,AR,Arkansas,55,118,2196
54,6,CA,California,269,453,10273
54,8,CO,Colorado,126,224,6055
54,9,CT,Connecticut,44,70,1524
54,10,DE,Delaware,44,87,2363
54,11,DC,District Of Columbia,58,114,2494
54,12,FL,Florida,789,1403,25581
54,13,GA,Georgia,239,461,10153
54,15,HI,Hawaii,24,39,507
54,16,ID,Idaho,17,37,312
54,17,IL,Illinois,138,251,6061
54,18,IN,Indiana,137,275,5510
54,19,IA,Iowa,24,41,1946
54,20,KS,Kansas,41,69,1821
54,21,KY,Kentucky,537,1098,17184
54,22,LA,Louisiana,78,166,3090
54,23,ME,Maine,11,18,324
54,24,MD,Maryland,1555,2811,70026
54,25,MA,Massachusetts,48,84,1843
54,26,MI,Michigan,165,314,6255
54,27,MN,Minnesota,33,50,1179
54,28,MS,Mississippi,58,105,2667
54,29,MO,Missouri,78,154,2767
54,30,MT,Montana,19,37,804
54,31,NE,Nebraska,15,29,619
54,32,NV,Nevada,44,104,1825
54,33,NH,New Hampshire,27,47,1371
54,34,NJ,New Jersey,176,303,8654
54,35,NM,New Mexico,39,62,2637
54,36,NY,New York,288,508,12393
54,37,NC,North Carolina,700,1338,23486
54,38,ND,North Dakota,22,46,1194
54,39,OH,Ohio,2008,3713,73184
54,40,OK,Oklahoma,69,151,3833
54,41,OR,Oregon,34,55,1461
54,42,PA,Pennsylvania,1256,2194,65330
54,44,RI,Rhode Island,-1,-1,0
54,45,SC,South Carolina,295,579,10046
54,46,SD,South Dakota,13,28,710
54,47,TN,Tennessee,229,445,10560
54,48,TX,Texas,526,984,25786
54,49,UT,Utah,32,56,1730
54,50,VT,Vermont,-1,-1,0
54,51,VA,Virginia,1902,3586,85282
54,53,WA,Washington,73,140,3400
54,54,WV,WV Non-migrants,631644,1338086,0
54,55,WI,Wisconsin,49,90,1803
54,56,WY,Wyoming,28,48,1271
55,1,AL,Alabama,154,264,2900
55,2,AK,Alaska,113,179,4568
55,4,AZ,Arizona,829,1439,41876
55,5,AR,Arkansas,221,403,8818
55,6,CA,California,1703,3047,93059
55,8,CO,Colorado,679,1094,53054
55,9,CT,Connecticut,147,253,11268
55,10,DE,Delaware,84,256,3005
55,11,DC,District Of Columbia,79,97,5526
55,12,FL,Florida,1660,2806,91038
55,13,GA,Georgia,503,974,29960
55,15,HI,Hawaii,143,220,5115
55,16,ID,Idaho,98,187,5212
55,17,IL,Illinois,6627,11837,379695
55,18,IN,Indiana,716,1379,32405
55,19,IA,Iowa,951,1639,50878
55,20,KS,Kansas,243,483,10662
55,21,KY,Kentucky,242,438,9395
55,22,LA,Louisiana,153,271,5919
55,23,ME,Maine,51,97,2533
55,24,MD,Maryland,238,397,13288
55,25,MA,Massachusetts,213,341,15934
55,26,MI,Michigan,1601,2717,76151
55,27,MN,Minnesota,4296,7194,232753
55,28,MS,Mississippi,180,358,4665
55,29,MO,Missouri,502,891,20524
55,30,MT,Montana,119,219,7000
55,31,NE,Nebraska,163,307,7771
55,32,NV,Nevada,270,417,12119
55,33,NH,New Hampshire,46,73,2118
55,34,NJ,New Jersey,287,543,6621
55,35,NM,New Mexico,128,215,6671
55,36,NY,New York,706,1150,36811
55,37,NC,North Carolina,625,1139,30361
55,38,ND,North Dakota,255,434,13557
55,39,OH,Ohio,574,988,29884
55,40,OK,Oklahoma,196,378,8155
55,41,OR,Oregon,223,361,8904
55,42,PA,Pennsylvania,469,864,27926
55,44,RI,Rhode Island,30,48,1163
55,45,SC,South Carolina,235,421,10904
55,46,SD,South Dakota,187,348,8336
55,47,TN,Tennessee,435,802,18627
55,48,TX,Texas,1803,3527,78611
55,49,UT,Utah,163,298,7421
55,50,VT,Vermont,30,50,1557
55,51,VA,Virginia,448,795,24536
55,53,WA,Washington,437,799,20913
55,54,WV,West Virginia,72,121,2568
55,55,WI,WI Non-migrants,2252810,4741900,0
55,56,WY,Wyoming,85,139,3409
56,1,AL,Alabama,61,112,2975
56,2,AK,Alaska,87,161,5815
56,4,AZ,Arizona,345,686,20599
56,5,AR,Arkansas,76,179,2823
56,6,CA,California,798,1483,75995
56,8,CO,Colorado,1474,2732,84341
56,9,CT,Connecticut,43,57,11755
56,10,DE,Delaware,-1,-1,0
56,11,DC,District Of Columbia,-1,-1,0
56,12,FL,Florida,237,454,10657
56,13,GA,Georgia,112,231,9122
56,15,HI,Hawaii,40,82,1696
56,16,ID,Idaho,390,858,21110
56,17,IL,Illinois,153,275,7955
56,18,IN,Indiana,76,144,2990
56,19,IA,Iowa,83,140,3046
56,20,KS,Kansas,110,209,5570
56,21,KY,Kentucky,47,71,1796
56,22,LA,Louisiana,56,112,3511
56,23,ME,Maine,36,49,964
56,24,MD,Maryland,57,105,6936
56,25,MA,Massachusetts,74,106,12023
56,26,MI,Michigan,165,265,7266
56,27,MN,Minnesota,130,199,9011
56,28,MS,Mississippi,46,89,6382
56,29,MO,Missouri,137,254,4943
56,30,MT,Montana,531,966,28910
56,31,NE,Nebraska,312,565,14393
56,32,NV,Nevada,222,417,12146
56,33,NH,New Hampshire,29,37,962
56,34,NJ,New Jersey,37,61,49979
56,35,NM,New Mexico,153,345,7244
56,36,NY,New York,142,214,27415
56,37,NC,North Carolina,123,219,10143
56,38,ND,North Dakota,234,465,16503
56,39,OH,Ohio,115,227,5786
56,40,OK,Oklahoma,129,279,6358
56,41,OR,Oregon,180,313,11200
56,42,PA,Pennsylvania,133,227,8604
56,44,RI,Rhode Island,-1,-1,0
56,45,SC,South Carolina,61,102,2989
56,46,SD,South Dakota,299,581,14244
56,47,TN,Tennessee,75,146,30006
56,48,TX,Texas,567,1139,118793
56,49,UT,Utah,652,1514,46579
56,50,VT,Vermont,33,35,1148
56,51,VA,Virginia,116,200,10994
56,53,WA,Washington,271,533,11498
56,54,WV,West Virginia,40,79,2309
56,55,WI,Wisconsin,120,192,6274
56,56,WY,WY Non-migrants,216928,464394,0